ProductID,decision_count,unique_current_price_count,unique_applied_price_count,min_applied_price,max_applied_price,mean_applied_price,std_applied_price,applied_price_range,applied_price_cv,pct_changed
PRO000001,263,20,154,61.71,90.60,73.10220532319394,7.07594897498654,28.89,0.09679528741578848,0.832699619771863117870
PRO000002,13,5,13,129.09,165.86,147.8223076923077,12.69270666816585,36.77,0.08586462264265102,0.769230769230769230769
PRO000003,7,3,6,33.27,39.59,35.518571428571434,2.394204311606276,6.32,0.0674071116970757,0.428571428571428571428
PRO000004,3,3,3,112.44,124.88,117.42333333333333,6.578482601127419,12.44,0.05602364039907531,1.000000000000000000000
PRO000005,3,3,3,128.27,150.00,140.12333333333333,10.999028744999983,21.73,0.07849534037871386,1.000000000000000000000
PRO000006,7,5,7,129.52,160.59,136.54142857142858,10.853534644792724,31.07,0.07948894894647261,1.000000000000000000000
PRO000007,5,3,4,96.63,109.63,104.69800000000001,4.81426214491902,13.00,0.045982369719756055,0.800000000000000000000
PRO000008,8,3,7,63.75,77.88,73.32499999999999,5.9236571715213175,14.13,0.08078632351205343,1.000000000000000000000
PRO000009,10,8,10,65.90,80.34,72.17099999999999,5.073643113626074,14.44,0.07030030224918699,0.900000000000000000000
PRO000010,10,5,9,75.63,103.40,83.441,8.615775518070285,27.77,0.10325589959456723,0.700000000000000000000
PRO000012,22,10,19,108.88,144.17,131.62545454545455,10.68154872276864,35.29,0.08115108707244734,0.772727272727272727272
PRO000013,20,11,18,79.21,109.33,91.26,7.527242453074494,30.12,0.08248128920747856,0.900000000000000000000
PRO000014,8,4,6,130.41,156.05,146.76375000000002,10.55361947052137,25.64,0.0719088976025849,1.000000000000000000000
PRO000015,4,3,3,79.45,93.53,84.785,6.760303247636266,14.08,0.07973466117398438,1.000000000000000000000
PRO000016,10,5,9,66.95,74.09,69.36800000000001,2.409429623605929,7.14,0.034734021791113026,0.900000000000000000000
PRO000017,16,7,14,90.88,102.25,97.296875,3.9583156666273527,11.37,0.04068286537082874,0.687500000000000000000
PRO000018,8,5,8,43.56,51.40,47.25125,3.252521823798583,7.84,0.0688346196936289,0.875000000000000000000
PRO000019,20,8,20,56.98,74.82,66.3135,5.928580441609112,17.84,0.08940231538991475,0.900000000000000000000
PRO000021,21,10,19,114.13,158.64,131.98571428571427,12.227779672299091,44.51,0.09264472097206802,0.904761904761904761904
PRO000022,2,2,2,75.89,76.54,76.215,0.4596194077715725,0.65,0.006030563639330479,1.000000000000000000000
PRO000023,2,2,2,141.69,158.18,149.935,11.660190821766234,16.49,0.07776830507730839,1.000000000000000000000
PRO000024,3,3,3,106.86,118.46,112.96666666666665,5.824271055963751,11.60,0.05155743041573106,0.666666666666666666666
PRO000025,3,3,3,123.63,133.86,128.45000000000002,5.140457178111216,10.23,0.040019129452014135,0.333333333333333333333
PRO000026,7,2,6,80.83,90.69,85.41857142857144,3.6913341245468114,9.86,0.04321465534732774,0.714285714285714285714
PRO000027,40,14,39,116.84,148.62,130.78475,10.13864932781005,31.78,0.07752164780534467,0.925000000000000000000
PRO000028,53,16,38,97.21,137.36,116.51113207547168,9.649362007682388,40.15,0.08281922796382994,0.849056603773584905660
PRO000029,16,6,12,52.49,63.45,57.801875,3.2491193037497914,10.96,0.056211313279193646,0.875000000000000000000
PRO000030,2,2,2,28.82,30.30,29.560000000000002,1.0465180361560793,1.48,0.03540318119607846,1.000000000000000000000
PRO000031,3,3,3,109.76,152.16,127.96333333333332,21.826131891229256,42.40,0.17056551531346942,1.000000000000000000000
PRO000032,3,2,3,116.79,135.00,128.57,10.216060884705078,18.21,0.07945913420475288,1.000000000000000000000
PRO000033,3,2,3,171.06,176.69,174.53666666666666,3.0393475176969234,5.63,0.017413805223526615,1.000000000000000000000
PRO000034,26,10,20,56.04,75.43,64.44192307692309,4.40323519174754,19.39,0.06832873665938682,0.884615384615384615384
PRO000035,13,9,13,138.26,178.67,157.28769230769234,12.128989483771166,40.41,0.07711340477959307,0.846153846153846153846
PRO000036,2,2,2,81.32,88.75,85.035,5.253803384216078,7.43,0.061784011103852274,1.000000000000000000000
PRO000037,4,2,4,113.21,119.07,117.22749999999999,2.7041249354770756,5.86,0.02306732580219723,0.750000000000000000000
PRO000038,6,4,6,108.16,122.86,113.19666666666666,5.926113959979713,14.70,0.05235237162442692,0.833333333333333333333
PRO000039,17,4,16,39.31,54.02,46.86294117647058,3.7744565249614697,14.71,0.0805424591416082,0.764705882352941176470
PRO000040,7,5,7,29.68,35.60,32.97857142857143,2.490444595993703,5.92,0.07551705510918744,0.857142857142857142857
PRO000041,7,5,7,79.15,93.00,86.22285714285714,5.7641556603021,13.85,0.06685182852096677,1.000000000000000000000
PRO000042,97,13,80,123.25,169.08,146.75237113402056,10.201991918779594,45.83,0.06951841281980171,0.835051546391752577319
PRO000043,42,15,40,120.98,148.02,135.68571428571434,7.88320912209649,27.04,0.05809903543343378,0.880952380952380952380
PRO000044,1,1,1,80.66,80.66,80.66,,0.00,,1.000000000000000000000
PRO000045,8,7,8,35.39,41.72,38.022499999999994,2.4815763999063254,6.33,0.0652659977620179,0.875000000000000000000
PRO000046,4,3,4,60.74,68.99,64.7075,3.62602973880072,8.25,0.056037240486817144,1.000000000000000000000
PRO000047,7,4,6,127.24,144.49,136.20428571428573,5.569625532423205,17.25,0.04089170544975765,0.714285714285714285714
PRO000048,11,5,10,95.69,125.70,107.64545454545456,10.908202751724305,30.01,0.10133454122875378,0.818181818181818181818
PRO000049,16,6,14,127.18,166.60,147.334375,10.516396701500831,39.42,0.07137775350457645,0.750000000000000000000
PRO000050,4,4,4,111.89,133.63,121.93249999999999,9.186056008973853,21.74,0.07533722353739859,1.000000000000000000000
PRO000051,8,5,8,155.65,193.59,175.54,13.310713193299998,37.94,0.07582723705879,0.875000000000000000000
PRO000052,7,5,6,54.78,63.13,59.72714285714286,2.631651663155618,8.35,0.044061234763063756,0.857142857142857142857
PRO000053,28,11,25,67.86,93.74,78.05571428571429,7.151309348421779,25.88,0.09161801174793179,0.928571428571428571428
PRO000054,1,1,1,189.50,189.50,189.5,,0.00,,1.000000000000000000000
PRO000055,3,3,3,114.01,125.51,119.66000000000001,5.752608104155787,11.50,0.048074612269394836,1.000000000000000000000
PRO000056,9,6,9,123.84,148.97,137.92666666666668,8.470213987851679,25.13,0.061410996093467625,1.000000000000000000000
PRO000057,10,7,9,103.49,140.23,120.69200000000001,12.56042444434977,36.74,0.10407006632046673,0.800000000000000000000
PRO000058,60,8,47,77.70,107.09,92.82916666666668,7.5850589735851655,29.39,0.08170986820146503,0.883333333333333333333
PRO000059,4,2,4,79.81,82.23,81.26750000000001,1.1554616681933174,2.42,0.0142180043460586,1.000000000000000000000
PRO000061,3,3,3,107.78,121.13,115.20333333333333,6.799678913988048,13.35,0.05902328272319708,0.333333333333333333333
PRO000064,5,5,5,41.23,49.98,45.63799999999999,3.888723440925126,8.75,0.08520801614718276,1.000000000000000000000
PRO000065,3,3,3,51.09,55.07,53.68333333333334,2.247695115742699,3.98,0.041869514729761546,1.000000000000000000000
PRO000066,3,3,3,112.72,124.12,118.92333333333333,5.7662841877015865,11.40,0.04848740803067735,0.666666666666666666666
PRO000067,13,7,13,132.18,165.26,147.86230769230772,10.875790510613681,33.08,0.07355350177034654,0.846153846153846153846
PRO000068,7,3,7,163.33,186.78,176.81857142857143,7.980746474216372,23.45,0.0451352276502263,1.000000000000000000000
PRO000069,6,5,6,164.62,189.35,174.70000000000002,10.010580402753773,24.73,0.05730154781198495,0.833333333333333333333
PRO000070,20,10,18,122.95,166.85,139.83499999999998,12.75977334396963,43.90,0.09124878137783554,0.900000000000000000000
PRO000071,7,5,7,151.78,167.01,160.16142857142856,5.605308283438632,15.23,0.03499786642411712,0.714285714285714285714
PRO000072,9,4,9,55.26,63.38,59.907777777777774,3.4885160805772735,8.12,0.05823143855406544,1.000000000000000000000
PRO000073,1,1,1,119.14,119.14,119.14,,0.00,,1.000000000000000000000
PRO000074,98,19,80,98.00,148.25,120.62561224489788,10.02996860612592,50.25,0.08314957677282304,0.765306122448979591836
PRO000075,4,3,3,75.23,84.76,81.395,4.508247996728069,9.53,0.05538728419101995,1.000000000000000000000
PRO000076,4,3,3,56.20,67.19,61.8575,4.4905706764285584,10.99,0.0725954116546669,1.000000000000000000000
PRO000077,47,6,38,29.71,39.74,34.178297872340416,2.7979389302072977,10.03,0.0818630272536654,0.936170212765957446808
PRO000078,4,2,4,68.72,81.19,75.6425,5.333956474013179,12.47,0.0705153382557845,1.000000000000000000000
PRO000079,7,3,7,68.65,82.11,76.33285714285715,4.069716264826057,13.46,0.05331539283548069,1.000000000000000000000
PRO000080,2,2,2,62.75,68.71,65.72999999999999,4.214356415872041,5.96,0.06411617854666121,1.000000000000000000000
PRO000081,8,6,8,108.98,131.22,119.685,7.328535226866628,22.24,0.061231860524431865,0.750000000000000000000
PRO000082,3,3,3,26.32,30.00,27.80333333333333,1.9409362002223254,3.68,0.06980947848779495,1.000000000000000000000
PRO000083,1,1,1,163.58,163.58,163.58,,0.00,,1.000000000000000000000
PRO000084,43,12,33,24.72,32.03,29.10744186046512,2.338981354415019,7.31,0.08035681615813571,0.883720930232558139534
PRO000085,3,3,3,118.65,129.74,124.46,5.563964413977022,11.09,0.04470484022157337,0.666666666666666666666
PRO000086,2,1,2,61.79,63.58,62.685,1.2657211383237257,1.79,0.020191770572285644,1.000000000000000000000
PRO000087,8,5,6,117.01,144.94,133.74125,10.380756148483695,27.93,0.0776182079088067,0.750000000000000000000
PRO000088,9,6,9,84.10,101.87,91.36444444444446,6.506018581112025,17.77,0.07120952379968894,0.888888888888888888888
PRO000089,19,8,18,75.59,102.03,92.65526315789474,8.042533713825032,26.44,0.0868006137991284,0.842105263157894736842
PRO000090,5,4,4,50.44,66.04,59.581999999999994,6.871165839943157,15.60,0.11532284649631026,0.800000000000000000000
PRO000091,11,4,11,144.94,169.04,157.06363636363636,10.087760180265116,24.10,0.06422721652075955,0.818181818181818181818
PRO000093,34,11,31,23.57,32.28,27.59294117647059,2.200223858323953,8.71,0.07973864925280805,0.823529411764705882352
PRO000094,1,1,1,64.83,64.83,64.83,,0.00,,1.000000000000000000000
PRO000095,10,4,10,90.82,104.68,96.896,5.350150984369847,13.86,0.055215395727066616,0.900000000000000000000
PRO000096,13,5,10,148.83,179.09,164.00923076923078,9.237085995718738,30.26,0.05632052508505318,0.538461538461538461538
PRO000097,14,5,12,31.43,39.75,36.338571428571434,2.7248369242462642,8.32,0.07498470130016845,0.928571428571428571428
PRO000098,22,10,19,78.91,101.46,88.35818181818183,5.491655693056569,22.55,0.06215220345249938,0.772727272727272727272
PRO000099,18,8,16,114.94,141.97,127.73444444444446,8.405102947350262,27.03,0.06580138179569797,0.833333333333333333333
PRO000100,4,2,4,31.86,36.60,34.9975,2.1295128550915186,4.74,0.06084757068623526,0.750000000000000000000
PRO000101,12,6,12,17.78,23.30,20.673333333333336,1.9003221417496907,5.52,0.09192141930424172,1.000000000000000000000
PRO000102,13,6,11,119.49,164.29,145.4284615384615,11.470516441551398,44.80,0.07887394475749018,0.846153846153846153846
PRO000103,14,8,12,149.48,177.47,167.22642857142858,9.486099633871067,27.99,0.056726079214322295,0.857142857142857142857
PRO000104,7,4,7,122.17,139.30,130.37857142857143,5.911233454396543,17.13,0.045338995431738124,0.714285714285714285714
PRO000105,219,18,186,129.58,178.95,158.55159817351606,11.657563426753082,49.37,0.0735253605832169,0.858447488584474885844
PRO000106,5,2,5,47.07,50.25,48.757999999999996,1.4205351104426216,3.18,0.029134400722806958,1.000000000000000000000
PRO000107,20,6,16,24.68,31.06,28.064999999999998,2.1506975612577883,6.38,0.07663272977936178,1.000000000000000000000
PRO000108,2,2,2,31.44,31.45,31.445,0.0070710678029391105,0.01,0.00022487097481122947,1.000000000000000000000
PRO000109,7,3,6,131.14,158.71,146.99857142857144,12.034563319278272,27.57,0.0818685732951223,0.857142857142857142857
PRO000110,10,5,8,166.77,200.29,179.04399999999998,11.940075562761228,33.52,0.06668794018655319,0.900000000000000000000
PRO000111,8,6,7,82.07,99.87,91.18625,7.166527227325587,17.80,0.07859219155657335,0.875000000000000000000
PRO000112,32,7,29,27.26,33.94,30.029062499999995,1.9910644897691179,6.68,0.06630458376011966,0.781250000000000000000
PRO000114,22,8,13,168.24,198.16,181.1936363636364,6.848982229189267,29.92,0.03779924265907489,0.863636363636363636363
PRO000115,15,4,13,41.82,51.82,45.66066666666667,2.8247868861880816,10.00,0.061864775361465334,0.733333333333333333333
PRO000116,10,5,10,31.97,37.68,35.13000000000001,2.0436187946329936,5.71,0.058173037137289864,1.000000000000000000000
PRO000117,1,1,1,133.43,133.43,133.43,,0.00,,1.000000000000000000000
PRO000118,7,6,6,128.72,158.77,140.22857142857143,10.870796396111514,30.05,0.07752197918987429,0.857142857142857142857
PRO000119,19,5,16,41.26,56.59,48.00105263157894,4.217200091077824,15.33,0.08785640855516179,0.736842105263157894736
PRO000120,2,2,2,89.07,91.24,90.155,1.5344217151738588,2.17,0.017019818259373955,0.500000000000000000000
PRO000121,20,12,19,163.76,212.22,184.5895,14.627372133309215,48.46,0.07924270954365886,0.750000000000000000000
PRO000123,1,1,1,88.92,88.92,88.92,,0.00,,1.000000000000000000000
PRO000124,4,3,4,27.34,32.97,29.395000000000003,2.6527532866815386,5.63,0.0902450514264854,1.000000000000000000000
PRO000125,4,3,4,74.40,78.56,76.185,1.7935718552651971,4.16,0.02354232270480012,0.750000000000000000000
PRO000126,1,1,1,61.65,61.65,61.65,,0.00,,1.000000000000000000000
PRO000127,19,7,17,108.53,138.92,121.45105263157896,9.392638308056055,30.39,0.07733682092117034,0.789473684210526315789
PRO000128,3,2,3,97.49,100.93,99.69,1.9103926298016976,3.44,0.019163332629167393,1.000000000000000000000
PRO000129,1,1,1,76.62,76.62,76.62,,0.00,,0E-21
PRO000131,5,2,5,84.26,98.46,92.02000000000001,5.772118328655377,14.20,0.06272678035921948,0.800000000000000000000
PRO000133,3,2,3,28.97,32.33,30.436666666666667,1.720155031772749,3.36,0.056515881013232364,1.000000000000000000000
PRO000135,46,16,31,69.95,92.99,82.0567391304348,5.498053414859966,23.04,0.06700306974324721,0.934782608695652173913
PRO000136,3,2,3,127.91,140.86,134.42333333333332,6.475340402892654,12.95,0.04817125302818946,1.000000000000000000000
PRO000137,60,13,32,48.13,65.59,56.985166666666636,4.603839772377135,17.46,0.08079014314913187,0.950000000000000000000
PRO000138,11,9,11,77.11,88.90,83.46454545454546,3.59975933538987,11.79,0.04312920313392574,0.727272727272727272727
PRO000139,1,1,1,58.04,58.04,58.04,,0.00,,1.000000000000000000000
PRO000140,4,4,4,125.14,148.22,139.91250000000002,10.150170359817835,23.08,0.07254655845487597,0.750000000000000000000
PRO000141,5,4,4,128.91,139.51,135.434,5.153142730412865,10.60,0.03804910680045532,1.000000000000000000000
PRO000142,1,1,1,137.17,137.17,137.17,,0.00,,1.000000000000000000000
PRO000143,21,10,21,105.52,137.24,121.67333333333335,8.814109900229914,31.72,0.07244076954876373,0.904761904761904761904
PRO000144,13,7,10,68.11,83.63,77.58692307692309,5.425230232618956,15.52,0.0699245442075354,1.000000000000000000000
PRO000145,3,1,3,126.17,139.76,130.70333333333335,7.843305000656974,13.59,0.06000845426531055,1.000000000000000000000
PRO000146,4,3,4,96.27,109.00,101.81,5.314853400298542,12.73,0.05220364797464436,0.750000000000000000000
PRO000147,1,1,1,51.63,51.63,51.63,,0.00,,1.000000000000000000000
PRO000148,10,5,8,44.81,56.80,52.436,4.179237570020009,11.99,0.07970168529292869,0.900000000000000000000
PRO000149,1,1,1,29.86,29.86,29.86,,0.00,,1.000000000000000000000
PRO000150,3,2,3,118.00,128.18,122.88,5.102979521808968,10.18,0.041528153660554755,0.666666666666666666666
PRO000151,3,3,3,57.43,58.86,58.23333333333333,0.7311862507826982,1.43,0.012556146264156237,1.000000000000000000000
PRO000152,8,7,8,64.59,80.17,71.56,5.585238196736571,15.58,0.07804972326350715,0.625000000000000000000
PRO000153,14,7,14,125.14,153.74,136.915,9.760953413394821,28.60,0.07129206743888414,1.000000000000000000000
PRO000155,8,6,7,96.63,119.07,105.3125,8.065047604145978,22.44,0.07658205440138614,1.000000000000000000000
PRO000156,13,7,11,126.59,158.73,147.44307692307692,10.169469327858492,32.14,0.06897217244838186,0.923076923076923076923
PRO000157,6,3,5,84.58,94.53,88.51,3.8157358399129118,9.95,0.04311078793258289,0.833333333333333333333
PRO000158,10,5,9,119.06,154.32,134.60299999999998,12.544537589458592,35.26,0.09319656760591216,1.000000000000000000000
PRO000159,9,7,8,112.03,134.67,125.1277777777778,8.8667888462757,22.64,0.07086187418770261,1.000000000000000000000
PRO000160,17,7,15,52.80,66.91,60.04294117647059,5.244697041662468,14.11,0.08734910280707135,0.823529411764705882352
PRO000161,10,6,9,100.49,130.54,114.519,8.6933633051628,30.05,0.07591197360405522,0.900000000000000000000
PRO000162,21,7,19,99.79,115.63,106.55666666666664,4.547172014927194,15.84,0.04267374493941122,0.857142857142857142857
PRO000163,28,6,23,82.51,98.45,91.64107142857144,5.119738375321861,15.94,0.05586729067558296,0.892857142857142857142
PRO000164,1,1,1,67.20,67.20,67.2,,0.00,,1.000000000000000000000
PRO000165,7,4,5,129.36,149.46,140.43571428571428,7.0688680308873675,20.10,0.0503352588537832,0.857142857142857142857
PRO000166,33,15,27,77.84,99.71,85.82969696969695,6.0865972045393475,21.87,0.07091481642639706,0.787878787878787878787
PRO000167,43,10,20,37.15,45.01,40.480930232558144,2.129226121380291,7.86,0.05259825080965629,0.976744186046511627906
PRO000168,1,1,1,50.27,50.27,50.27,,0.00,,1.000000000000000000000
PRO000169,7,5,7,118.72,141.35,128.7642857142857,8.245364065426486,22.63,0.06403455756141943,0.857142857142857142857
PRO000170,18,10,18,20.23,28.45,24.119444444444447,2.423911453008554,8.22,0.10049615606162379,0.722222222222222222222
PRO000172,9,6,9,130.55,153.90,144.41000000000003,7.870590829155789,23.35,0.05450170230008855,0.777777777777777777777
PRO000173,10,6,10,34.97,43.72,38.887,2.7647907294726513,8.75,0.07109807209279839,0.800000000000000000000
PRO000174,64,10,36,66.21,83.70,77.146875,4.2492673037891935,17.49,0.0550802259169823,0.953125000000000000000
PRO000175,6,6,6,74.16,88.09,81.88499999999999,5.329775792657902,13.93,0.06508854848455642,1.000000000000000000000
PRO000176,30,8,24,23.40,28.87,26.44333333333334,1.37809797292798,5.47,0.052115138267792,0.866666666666666666666
PRO000177,3,3,3,78.00,87.74,83.29666666666667,4.925752057638968,9.74,0.05913504411107649,1.000000000000000000000
PRO000178,3,2,3,43.41,50.44,46.53,3.580963557480028,7.03,0.07696031716054219,1.000000000000000000000
PRO000180,7,3,7,72.05,86.09,76.60000000000001,5.64256738255417,14.04,0.07366275956337036,1.000000000000000000000
PRO000181,1,1,1,139.56,139.56,139.56,,0.00,,1.000000000000000000000
PRO000183,3,2,2,61.09,61.38,61.28333333333333,0.16743157806683692,0.29,0.002732089933100412,0.666666666666666666666
PRO000184,5,3,5,54.50,60.60,57.484,2.632400045585496,6.10,0.045793612928562655,1.000000000000000000000
PRO000185,13,2,9,138.36,159.17,152.05692307692308,6.987550100732955,20.81,0.045953515034616796,0.769230769230769230769
PRO000186,4,3,4,171.81,179.31,175.42999999999998,3.0846609754305145,7.50,0.017583429147982187,1.000000000000000000000
PRO000187,3,3,3,135.07,137.29,136.38666666666666,1.1662904155211555,2.22,0.008551352152125005,0.666666666666666666666
PRO000188,15,10,15,64.17,86.13,74.33666666666666,6.31807347068332,21.96,0.08499269275839631,0.866666666666666666666
PRO000189,13,3,12,88.21,100.60,94.84384615384616,4.802564485878923,12.39,0.05063654291379839,0.846153846153846153846
PRO000190,13,6,11,97.97,114.51,104.35076923076923,5.859565486647192,16.54,0.05615258545616375,0.692307692307692307692
PRO000191,8,3,7,113.39,126.82,118.92125,5.57778870034665,13.43,0.04690321284334507,0.750000000000000000000
PRO000194,6,4,6,175.43,196.14,187.485,7.915793706255458,20.71,0.042220944108891156,0.833333333333333333333
PRO000195,45,11,40,103.18,137.01,120.49777777777781,8.93620772956029,33.83,0.07416076789432963,0.822222222222222222222
PRO000196,9,4,7,122.65,142.20,134.93888888888887,7.029954559676593,19.55,0.05209732062834151,0.888888888888888888888
PRO000197,10,6,9,78.41,96.88,83.5,5.880591429061825,18.47,0.07042624465942306,1.000000000000000000000
PRO000198,11,6,11,139.02,177.41,159.86909090909091,12.038196255706604,38.39,0.07530033596395495,0.818181818181818181818
PRO000199,14,7,14,138.02,163.64,149.29785714285714,6.654895454962868,25.62,0.044574621379830426,0.857142857142857142857
PRO000200,9,5,9,120.85,154.10,139.84666666666666,11.928424036728556,33.25,0.08529644875383913,0.666666666666666666666
PRO000201,3,3,3,87.01,93.00,89.08,3.396601242418805,5.99,0.03812978493959143,1.000000000000000000000
PRO000202,89,24,72,50.85,70.55,59.70157303370785,4.582312560982629,19.70,0.07675363190841604,0.797752808988764044943
PRO000203,11,4,11,55.32,65.42,61.29363636363637,3.482471170669632,10.10,0.05681619458844304,0.818181818181818181818
PRO000204,13,10,13,68.83,86.48,76.19307692307692,6.201062253914397,17.65,0.0813861639972208,0.692307692307692307692
PRO000205,4,3,4,152.84,175.85,167.92249999999999,10.557892387530668,23.01,0.06287360173610249,1.000000000000000000000
PRO000206,1,1,1,87.42,87.42,87.42,,0.00,,1.000000000000000000000
PRO000207,9,5,9,66.18,82.59,71.40555555555555,5.088759944994268,16.41,0.07126560259075455,0.888888888888888888888
PRO000208,17,6,17,60.52,75.86,70.27235294117645,4.849062447282949,15.34,0.06900384353633356,0.941176470588235294117
PRO000209,16,7,16,146.89,180.73,163.1625,11.449159794500392,33.84,0.07017028909522956,0.937500000000000000000
PRO000210,7,4,6,95.04,102.11,97.42857142857144,2.8667486145536443,7.07,0.029424106014480214,0.857142857142857142857
PRO000211,15,6,15,25.83,34.86,30.578666666666667,2.9110058808074086,9.03,0.0951972796113001,0.866666666666666666666
PRO000212,5,4,5,32.22,36.61,34.965999999999994,1.7621095312154038,4.39,0.05039494169236985,0.600000000000000000000
PRO000213,3,3,3,39.52,43.85,42.403333333333336,2.4970449201673017,4.33,0.058887939316892575,1.000000000000000000000
PRO000214,2,2,2,53.79,57.17,55.480000000000004,2.3900209204103278,3.38,0.04307896395836928,1.000000000000000000000
PRO000215,5,3,5,39.80,45.42,42.214,2.15317904504014,5.62,0.05100627860520538,0.800000000000000000000
PRO000216,2,2,2,62.15,88.06,75.105,18.32113670054343,25.91,0.24394030624516916,1.000000000000000000000
PRO000217,48,12,41,16.27,22.86,20.219166666666666,1.5926891929212859,6.59,0.07877125794442333,0.791666666666666666666
PRO000218,51,14,34,82.59,107.57,96.2341176470588,6.053456921948831,24.98,0.06290343871754554,0.862745098039215686274
PRO000220,7,5,7,48.56,56.73,54.21285714285714,2.9110978128863914,8.17,0.053697553796423464,0.857142857142857142857
PRO000221,2,1,1,77.41,77.41,77.41,0.0,0.00,0.0,0E-21
PRO000222,31,10,31,91.00,134.39,114.12225806451616,10.906179810754603,43.39,0.0955657554952082,0.870967741935483870967
PRO000223,2,1,2,73.30,85.22,79.25999999999999,8.428712831743866,11.92,0.10634257925490621,1.000000000000000000000
PRO000224,1,1,1,96.18,96.18,96.18,,0.00,,1.000000000000000000000
PRO000225,10,8,9,114.65,138.40,123.279,5.9902929811489845,23.75,0.04859134954979343,0.600000000000000000000
PRO000226,37,12,35,93.25,124.40,108.66,9.037216262642877,31.15,0.08316966926783433,0.837837837837837837837
PRO000227,17,6,17,75.26,99.12,89.47294117647058,6.895118531165734,23.86,0.07706372944157779,0.941176470588235294117
PRO000228,4,4,4,15.41,20.18,17.495,1.9990414369558647,4.77,0.11426358599347611,0.750000000000000000000
PRO000229,58,11,47,63.71,87.85,78.4539655172414,5.102370257478398,24.14,0.06503648635016515,0.879310344827586206896
PRO000230,2,2,2,29.44,33.83,31.634999999999998,3.1041987694089546,4.39,0.09812545501529808,0.500000000000000000000
PRO000231,6,4,6,101.95,133.93,113.24000000000001,11.002741476559168,31.98,0.09716302964110886,0.833333333333333333333
PRO000232,6,3,6,81.35,90.67,85.45,3.8645724213682024,9.32,0.0452261254694933,0.666666666666666666666
PRO000233,3,3,3,124.93,141.91,134.89333333333332,8.86522607344788,16.98,0.06572026841045676,1.000000000000000000000
PRO000234,9,4,9,36.48,43.86,40.75666666666666,2.7377545543748982,7.38,0.06717317136766743,1.000000000000000000000
PRO000236,2,2,2,44.53,45.21,44.870000000000005,0.4808326112060851,0.68,0.010716126837666259,0.500000000000000000000
PRO000237,8,6,7,53.06,62.78,57.871249999999996,3.5648018879035517,9.72,0.061598840320600506,0.750000000000000000000
PRO000238,3,2,3,70.93,80.70,74.58,5.3328135163346015,9.77,0.07150460601145886,1.000000000000000000000
PRO000239,12,5,11,67.09,77.29,71.7975,2.9554821941604175,10.20,0.04116413794575601,1.000000000000000000000
PRO000240,7,4,6,66.53,76.00,72.87142857142858,3.291551957012748,9.47,0.045169307388922234,1.000000000000000000000
PRO000241,3,3,3,163.92,184.36,173.47333333333333,10.285024712334415,20.44,0.05928879392990901,1.000000000000000000000
PRO000242,3,2,3,92.05,102.76,98.62,5.7536683950326895,10.71,0.05834180080138602,0.666666666666666666666
PRO000243,4,2,4,25.56,29.13,27.545,1.7512376575819615,3.57,0.0635773337296047,0.750000000000000000000
PRO000244,35,13,31,108.57,152.55,127.56257142857145,11.991088441705228,43.98,0.09400162059620779,0.800000000000000000000
PRO000245,26,9,26,73.80,98.41,87.32192307692307,7.2455525775368335,24.61,0.08297518334718909,0.884615384615384615384
PRO000247,179,18,124,83.85,103.98,96.96843575418991,4.358213840149624,20.13,0.04494466478965873,0.893854748603351955307
PRO000248,3,2,2,29.60,29.62,29.606666666666666,0.011547005398752528,0.02,0.0003900136928198332,0E-21
PRO000249,9,4,9,103.00,130.50,116.36111111111111,8.537176706096147,27.50,0.07336795450452645,0.777777777777777777777
PRO000254,8,6,7,130.74,167.14,146.97375,13.098165561307816,36.40,0.08911908120537046,0.875000000000000000000
PRO000256,4,3,4,143.84,171.43,154.765,12.790674988704826,27.59,0.0826457854728448,1.000000000000000000000
PRO000257,31,8,26,129.44,172.89,149.21064516129033,12.467841014782005,43.45,0.08355865629630381,0.838709677419354838709
PRO000258,6,3,4,68.19,84.72,79.31,7.122123278910606,16.53,0.08980107526050442,1.000000000000000000000
PRO000259,20,8,15,23.92,30.85,27.278999999999996,2.1390944960796165,6.93,0.07841542930751189,0.950000000000000000000
PRO000260,3,2,3,104.52,116.33,111.65333333333332,6.276578154801783,11.81,0.05621487480417169,1.000000000000000000000
PRO000261,6,3,6,53.71,63.67,60.48999999999999,4.65843750628914,9.96,0.07701169625209357,0.833333333333333333333
PRO000262,9,6,9,156.14,195.52,174.87777777777777,13.22181131481068,39.38,0.0756060117118598,0.888888888888888888888
PRO000263,1,1,1,97.17,97.17,97.17,,0.00,,1.000000000000000000000
PRO000264,1,1,1,151.84,151.84,151.84,,0.00,,1.000000000000000000000
PRO000265,5,4,4,94.54,104.34,101.33,4.253486804963925,9.80,0.04197657954173419,0.600000000000000000000
PRO000266,34,10,32,34.36,40.39,37.652352941176474,1.7048203652343938,6.03,0.04527792374351215,0.852941176470588235294
PRO000267,3,2,3,116.36,118.29,117.16000000000001,1.0064293318467703,1.93,0.00859021280169657,1.000000000000000000000
PRO000268,8,5,7,62.58,72.35,67.66625,4.032234182187245,9.77,0.059590034650763776,0.750000000000000000000
PRO000270,7,2,7,162.82,191.42,181.7,10.726981557425361,28.60,0.05903677246794366,0.714285714285714285714
PRO000271,6,2,3,39.72,44.43,41.42666666666667,2.347949459989874,4.71,0.056677247988168825,1.000000000000000000000
PRO000272,12,6,12,60.59,82.91,67.97916666666667,6.256754108137483,22.32,0.09203928813686765,0.916666666666666666666
PRO000273,4,1,4,23.12,28.08,25.880000000000003,2.1866412600149685,4.96,0.08449154791402505,1.000000000000000000000
PRO000274,30,9,27,130.54,186.21,158.3383333333333,12.649631610646015,55.67,0.07988988733395377,0.866666666666666666666
PRO000275,10,8,10,65.37,82.57,75.119,5.895922225478201,17.20,0.078487762423331,0.900000000000000000000
PRO000276,11,5,11,77.24,89.72,82.19,3.4438524939374227,12.48,0.041901113200357984,1.000000000000000000000
PRO000278,4,3,4,21.04,24.05,22.885,1.3123134788100763,3.01,0.05734382690889562,1.000000000000000000000
PRO000279,13,6,13,64.51,81.38,73.90615384615384,5.909804760539146,16.87,0.07996363567831231,0.692307692307692307692
PRO000281,8,5,8,51.15,63.44,56.53125000000001,4.328145223005743,12.29,0.07656199399457367,0.750000000000000000000
PRO000282,1,1,1,49.65,49.65,49.65,,0.00,,1.000000000000000000000
PRO000284,4,4,4,49.28,56.81,53.9625,3.433301375255898,7.53,0.06362383831838588,1.000000000000000000000
PRO000286,6,3,6,134.24,161.61,147.49,10.98699594975803,27.37,0.07449315851758105,0.833333333333333333333
PRO000287,1,1,1,50.06,50.06,50.06,,0.00,,1.000000000000000000000
PRO000289,6,3,4,141.83,159.14,146.50500000000002,7.456438157726327,17.31,0.050895451743806185,0.833333333333333333333
PRO000290,1,1,1,86.81,86.81,86.81,,0.00,,1.000000000000000000000
PRO000292,4,3,4,54.58,64.47,58.4475,4.301560763258005,9.89,0.07359700180945301,1.000000000000000000000
PRO000293,8,5,8,72.21,80.03,76.26875,2.869402314569492,7.82,0.03762225439081527,0.875000000000000000000
PRO000294,6,4,5,121.13,142.60,132.27333333333334,7.842179969030941,21.47,0.05928768687841546,0.666666666666666666666
PRO000295,29,11,24,76.24,87.89,83.2137931034483,3.6905801071225475,11.65,0.044350581429866504,1.000000000000000000000
PRO000296,12,5,12,63.45,76.22,68.11333333333333,3.401326835578288,12.77,0.04993628514600599,0.833333333333333333333
PRO000298,34,10,28,65.58,88.12,79.55705882352943,6.600731607481732,22.54,0.0829685222793773,0.823529411764705882352
PRO000299,5,4,5,53.56,67.09,61.672000000000004,5.455013290542917,13.53,0.08845202507690551,0.800000000000000000000
PRO000300,2,2,2,140.34,142.25,141.29500000000002,1.3505739520646853,1.91,0.00955854030266241,1.000000000000000000000
PRO000301,4,3,4,28.21,34.37,31.1725,2.6178410315881844,6.16,0.0839791813806459,1.000000000000000000000
PRO000302,4,3,4,43.24,54.30,49.17,4.812656923848495,11.06,0.0978779118130668,1.000000000000000000000
PRO000303,6,3,6,174.36,196.60,187.03,9.591060421038119,22.24,0.05128086628368774,0.833333333333333333333
PRO000304,1,1,1,70.95,70.95,70.95,,0.00,,0E-21
PRO000305,3,3,3,37.97,38.72,38.25333333333333,0.407226390763076,0.75,0.010645513874949704,1.000000000000000000000
PRO000306,29,9,26,120.36,148.44,137.44241379310344,8.288495751501735,28.08,0.060305225459578136,0.827586206896551724137
PRO000307,1,1,1,66.35,66.35,66.35,,0.00,,1.000000000000000000000
PRO000309,6,4,6,45.07,55.08,51.23500000000001,4.367272604269127,10.01,0.08524002350481363,1.000000000000000000000
PRO000310,10,2,10,123.73,147.57,133.506,7.6338576239161355,23.84,0.057179884229294084,0.800000000000000000000
PRO000311,2,2,2,125.43,127.52,126.475,1.4778531726822928,2.09,0.011684943053427894,0.500000000000000000000
PRO000312,4,4,4,161.89,171.79,168.7575,4.633093818749207,9.90,0.027454150593302265,0.500000000000000000000
PRO000313,24,10,19,83.38,102.63,91.29374999999997,5.61444086224597,19.25,0.06149863339216509,0.791666666666666666666
PRO000314,15,7,14,134.54,164.25,149.10399999999998,9.665813689789257,29.71,0.0648259851498904,0.800000000000000000000
PRO000317,1,1,1,150.00,150.00,150.0,,0.00,,1.000000000000000000000
PRO000318,13,8,12,124.67,162.08,138.03384615384616,12.303806686321055,37.41,0.08913615775516245,0.846153846153846153846
PRO000320,11,7,10,77.62,97.85,85.8990909090909,6.569155888765992,20.23,0.07647526672567803,0.636363636363636363636
PRO000321,7,5,7,63.09,81.41,74.28142857142858,6.798535206379442,18.32,0.09152402339491911,0.857142857142857142857
PRO000322,20,7,17,59.06,88.62,73.77499999999999,9.520975458649724,29.56,0.12905422512571638,0.800000000000000000000
PRO000323,22,9,20,87.58,106.35,97.62954545454545,6.502809266384623,18.77,0.0666069808694563,0.863636363636363636363
PRO000324,10,4,5,35.62,45.76,39.187000000000005,3.7615128457693516,10.14,0.09598879336946822,1.000000000000000000000
PRO000325,7,5,6,137.53,148.99,143.24857142857144,5.149525636960538,11.46,0.03594818144157385,0.714285714285714285714
PRO000326,12,8,10,91.25,110.32,104.65583333333332,6.115148787803316,19.07,0.058431036216837574,0.916666666666666666666
PRO000327,52,10,45,45.24,61.69,53.90538461538462,3.92569087789355,16.45,0.07282557959475455,0.884615384615384615384
PRO000328,9,5,8,120.93,160.85,136.69555555555556,15.11442366674231,39.92,0.11056997138871522,0.777777777777777777777
PRO000329,5,3,5,135.53,168.45,152.93800000000002,12.704313047150475,32.92,0.08306838749787805,0.800000000000000000000
PRO000330,9,7,9,74.77,91.30,83.25999999999999,5.109200035230687,16.53,0.0613644010957325,0.888888888888888888888
PRO000331,4,2,4,68.98,86.43,77.8275,8.306966453926957,17.45,0.10673561985065635,0.750000000000000000000
PRO000332,2,2,2,46.89,48.01,47.45,0.7919595949288717,1.12,0.016690402422104775,1.000000000000000000000
PRO000334,12,7,12,63.86,83.27,75.82166666666667,5.3666966872865105,19.41,0.07078051595568342,0.750000000000000000000
PRO000335,15,6,15,61.25,75.66,69.13533333333334,5.15060033486622,14.41,0.07450026038108183,0.933333333333333333333
PRO000336,13,7,9,39.56,46.24,43.49307692307693,2.2728117117179223,6.68,0.05225686183890095,0.846153846153846153846
PRO000337,1,1,1,152.32,152.32,152.32,,0.00,,1.000000000000000000000
PRO000338,4,4,4,25.65,28.71,27.245000000000005,1.2874393189582956,3.06,0.047254150081053235,0.750000000000000000000
PRO000339,3,2,3,77.49,81.82,80.09666666666668,2.29617798380916,4.33,0.028667584799315325,1.000000000000000000000
PRO000340,22,13,19,31.29,39.60,34.810909090909085,2.6670170765446124,8.31,0.07661440468502753,0.909090909090909090909
PRO000341,2,2,2,107.69,110.69,109.19,2.1213203435596424,3.00,0.01942778957376722,1.000000000000000000000
PRO000342,17,3,15,95.77,120.38,107.32823529411766,7.237069706806222,24.61,0.06742931798863616,0.882352941176470588235
PRO000343,2,2,2,130.80,141.43,136.115,7.516545084012943,10.63,0.055222018763640614,1.000000000000000000000
PRO000344,60,14,41,19.20,26.52,22.249833333333342,2.073260342148887,7.32,0.09318093808113406,0.850000000000000000000
PRO000345,3,2,3,114.46,136.35,125.61,10.95075796463419,21.89,0.08718062228034544,1.000000000000000000000
PRO000346,5,5,4,104.61,116.54,111.298,6.126750362141443,11.93,0.05504816225036787,0.600000000000000000000
PRO000347,3,2,3,32.58,41.08,37.69,4.503476434933361,8.50,0.11948730259839113,1.000000000000000000000
PRO000348,5,2,2,74.65,91.35,84.67,9.146966710336145,16.70,0.10803078670528102,1.000000000000000000000
PRO000349,12,6,11,108.90,137.49,123.26583333333333,11.85859907281195,28.59,0.09620345518408277,1.000000000000000000000
PRO000350,11,3,11,138.38,158.48,148.80454545454543,6.826280632432794,20.10,0.04587414054846855,0.909090909090909090909
PRO000351,9,6,9,72.56,80.70,77.25111111111113,2.942173705121449,8.14,0.03808584320411506,0.888888888888888888888
PRO000352,7,5,7,153.79,163.04,159.2,2.779268488890817,9.25,0.017457716638761413,1.000000000000000000000
PRO000353,3,2,3,117.56,132.79,126.91666666666667,8.190752916144781,15.23,0.06453646421125238,1.000000000000000000000
PRO000354,3,2,3,127.21,148.47,141.26666666666668,12.174688223249573,21.26,0.08618231399185634,0.666666666666666666666
PRO000355,7,4,5,80.05,95.80,86.3442857142857,5.190307817277673,15.75,0.06011176969431961,1.000000000000000000000
PRO000356,5,4,5,96.01,136.68,113.694,16.10755195552681,40.67,0.1416745998515912,0.800000000000000000000
PRO000357,6,3,6,117.39,147.48,127.87666666666668,11.801851832092291,30.09,0.09229089355961961,0.666666666666666666666
PRO000358,2,2,2,21.30,22.31,21.805,0.7141778489984775,1.01,0.03275293964680016,1.000000000000000000000
PRO000359,4,3,4,33.33,46.56,40.215,5.514045701660419,13.23,0.1371141539639542,0.750000000000000000000
PRO000360,106,15,86,101.64,146.93,123.52094339622643,11.172891984262936,45.29,0.09045342171993376,0.811320754716981132075
PRO000362,1,1,1,39.23,39.23,39.23,,0.00,,1.000000000000000000000
PRO000363,9,7,9,103.91,143.10,119.33111111111111,13.91786481868211,39.19,0.11663232403595876,1.000000000000000000000
PRO000364,19,8,14,27.00,34.73,29.94105263157895,1.916428665619828,7.73,0.06400672311696093,0.947368421052631578947
PRO000365,5,4,5,89.06,105.40,98.86799999999998,6.760197482322761,16.34,0.06837599104182104,0.600000000000000000000
PRO000366,3,3,3,43.00,51.30,46.65333333333333,4.238222898023864,8.30,0.09084501781988848,1.000000000000000000000
PRO000367,19,9,14,47.69,58.12,53.97631578947368,3.200755484649657,10.43,0.0592992581622968,0.947368421052631578947
PRO000368,23,10,23,79.05,107.91,92.88043478260867,8.612501209004487,28.86,0.09272675380086752,0.869565217391304347826
PRO000369,4,3,4,61.60,67.40,64.125,2.407121379019757,5.80,0.03753795522837828,1.000000000000000000000
PRO000370,33,13,23,26.34,33.43,29.834848484848482,1.856906232844194,7.09,0.062239506052367485,0.909090909090909090909
PRO000371,6,6,6,33.15,43.43,38.71,4.5821523326925915,10.28,0.11837128216720721,1.000000000000000000000
PRO000372,3,3,3,41.97,45.59,43.96666666666667,1.8386498669767615,3.62,0.04181917817232968,1.000000000000000000000
PRO000373,9,5,9,114.20,138.20,128.53555555555556,7.875012874768987,24.00,0.061267194440726196,0.888888888888888888888
PRO000374,13,6,12,69.01,87.05,79.75076923076924,4.395153508010241,18.04,0.05511111115796628,0.769230769230769230769
PRO000375,1,1,1,86.11,86.11,86.11,,0.00,,1.000000000000000000000
PRO000376,8,5,7,118.21,140.64,127.85999999999999,7.245944678626526,22.43,0.05667092662776887,0.750000000000000000000
PRO000377,10,5,8,59.49,74.91,66.062,4.976281074591087,15.42,0.07532743596305119,0.800000000000000000000
PRO000379,21,10,19,155.32,196.30,172.52238095238096,10.224448593817304,40.98,0.05926447651240926,0.809523809523809523809
PRO000380,37,13,35,149.07,202.41,175.16216216216216,14.774432708630652,53.34,0.08434717022362816,0.810810810810810810810
PRO000382,19,8,16,141.25,168.00,148.9663157894737,7.274580713787126,26.75,0.048833729123487955,0.789473684210526315789
PRO000383,3,2,3,79.44,87.96,82.62333333333332,4.650293897522599,8.52,0.056283058428078424,0.666666666666666666666
PRO000384,15,7,12,29.40,37.80,34.49333333333333,1.9432030504397524,8.40,0.05633561220834226,0.666666666666666666666
PRO000385,3,3,3,21.97,23.86,23.060000000000002,0.9778036612734505,1.89,0.042402587219143556,0.666666666666666666666
PRO000386,2,2,2,67.24,73.53,70.38499999999999,4.447701653663565,6.29,0.06319104430863914,1.000000000000000000000
PRO000387,11,5,9,63.68,81.89,73.83636363636363,6.132968730928457,18.21,0.08306163018987077,0.727272727272727272727
PRO000388,1,1,1,105.17,105.17,105.17,,0.00,,1.000000000000000000000
PRO000389,7,5,7,114.10,148.23,130.89714285714285,12.611697895585921,34.13,0.0963481526052096,1.000000000000000000000
PRO000390,29,10,28,112.58,152.82,129.65068965517244,10.452734068528734,40.24,0.08062227895840368,0.724137931034482758620
PRO000391,10,4,9,71.92,91.01,81.373,5.448732880220891,19.09,0.0669599606776313,0.700000000000000000000
PRO000392,4,2,4,79.85,87.46,83.11249999999998,3.476505669011506,7.61,0.04182891465196579,0.750000000000000000000
PRO000393,7,4,7,158.09,195.97,183.5,12.981923329512213,37.88,0.07074617618262787,0.571428571428571428571
PRO000394,4,2,3,58.43,66.81,64.33,3.999766659860697,8.38,0.06217576029629562,1.000000000000000000000
PRO000395,1,1,1,33.73,33.73,33.73,,0.00,,1.000000000000000000000
PRO000396,3,2,3,94.17,100.36,96.56333333333333,3.3250614029419365,6.19,0.034433995680989364,1.000000000000000000000
PRO000397,1,1,1,183.73,183.73,183.73,,0.00,,1.000000000000000000000
PRO000398,2,2,2,140.46,156.45,148.45499999999998,11.306637431173167,15.99,0.07616205201019277,1.000000000000000000000
PRO000399,11,5,11,84.12,98.88,91.53818181818181,4.299487918768516,14.76,0.04696933927864546,0.727272727272727272727
PRO000400,2,1,2,169.12,177.82,173.47,6.151828996323058,8.70,0.0354633596375342,0.500000000000000000000
PRO000402,3,1,1,175.04,175.04,175.04,0.0,0.00,0.0,1.000000000000000000000
PRO000403,8,5,8,85.31,101.93,93.4025,6.115709864182299,16.62,0.0654769397412521,0.875000000000000000000
PRO000404,2,2,2,68.03,71.37,69.7,2.3617366491628813,3.34,0.03388431347435984,0.500000000000000000000
PRO000405,110,19,84,81.10,102.74,93.61799999999997,5.310764177291249,21.64,0.056728024282629956,0.881818181818181818181
PRO000406,2,2,2,123.74,132.59,128.165,6.257895013500736,8.85,0.04882686391371074,0.500000000000000000000
PRO000407,9,3,7,17.95,21.22,18.949999999999996,0.9136054947296004,3.27,0.04821137175354093,0.888888888888888888888
PRO000408,27,11,26,51.09,68.99,57.948518518518505,5.678096040388497,17.90,0.09798518039031417,0.962962962962962962962
PRO000409,7,6,7,106.89,118.88,111.4,3.984093372399443,11.99,0.03576385433033611,0.857142857142857142857
PRO000410,18,10,15,73.11,105.36,85.88166666666666,8.28157362852655,32.25,0.09643005253577462,0.777777777777777777777
PRO000411,2,1,2,21.58,23.02,22.299999999999997,1.0182337649087259,1.44,0.04566070694657964,1.000000000000000000000
PRO000412,16,8,15,83.63,105.00,88.92375,5.683343939384001,21.37,0.06391255361344973,0.750000000000000000000
PRO000413,9,5,9,115.46,137.83,131.9588888888889,7.54940468587478,22.37,0.05721027775727543,0.888888888888888888888
PRO000414,3,3,3,148.61,173.56,157.90333333333334,13.637984944020708,24.95,0.08636920232222695,0.666666666666666666666
PRO000415,189,4,133,67.40,94.95,82.09148148148157,6.267667448128569,27.55,0.07634979092858067,0.809523809523809523809
PRO000416,22,8,19,64.10,78.07,70.77909090909091,4.586110406216614,13.97,0.06479470627995267,1.000000000000000000000
PRO000417,28,12,26,141.19,170.73,156.59535714285715,8.528182682595533,29.54,0.05445999701520865,0.892857142857142857142
PRO000418,9,4,8,75.56,87.98,81.67333333333335,3.946593467789443,12.42,0.04832168967173426,0.777777777777777777777
PRO000419,10,8,10,75.58,99.49,84.70899999999999,7.006583332837947,23.91,0.08271356447175564,0.800000000000000000000
PRO000420,13,5,12,161.30,180.57,171.65076923076927,5.774753185977825,19.27,0.03364245445480166,1.000000000000000000000
PRO000421,3,1,3,79.68,88.21,83.50666666666666,4.332047245048758,8.53,0.05187666348054557,0.666666666666666666666
PRO000422,5,2,4,65.42,67.87,66.58000000000001,1.1348347897376068,2.45,0.017044679929973064,1.000000000000000000000
PRO000423,23,12,22,65.72,95.32,81.24173913043478,7.903956231576204,29.60,0.0972893529382266,0.913043478260869565217
PRO000424,15,8,15,36.44,47.62,41.88466666666667,3.297910305170913,11.18,0.07873789068006382,0.866666666666666666666
PRO000425,24,12,24,41.91,49.67,46.240416666666654,2.606259153530804,7.76,0.05636322813262146,0.833333333333333333333
PRO000426,15,9,15,65.76,88.05,77.32600000000001,7.642136761777614,22.29,0.09883010580888205,0.866666666666666666666
PRO000427,21,10,20,160.07,199.00,186.9490476190476,9.5894999373078,38.93,0.05129472473616794,0.857142857142857142857
PRO000428,5,2,3,52.91,60.28,55.43399999999999,2.8129841805457723,7.37,0.05074474475133984,0.400000000000000000000
PRO000429,3,2,3,119.39,135.94,126.73,8.43198078745448,16.55,0.06653500187370377,1.000000000000000000000
PRO000430,3,3,3,137.48,140.01,138.36,1.4299999999977286,2.53,0.010335357039590405,1.000000000000000000000
PRO000431,10,8,9,59.62,72.90,66.443,3.8967024520740408,13.28,0.058647298467468974,0.800000000000000000000
PRO000433,3,3,3,96.49,107.41,101.73666666666666,5.472488769594079,10.92,0.0537907221545239,0.666666666666666666666
PRO000434,12,7,12,88.82,112.78,98.97833333333334,8.717011407517441,23.96,0.08806989483406241,0.833333333333333333333
PRO000435,45,15,37,28.39,40.72,33.02377777777778,2.7017572470934055,12.33,0.08181248266851712,0.777777777777777777777
PRO000436,8,7,7,69.41,89.96,79.26124999999999,6.948805524281725,20.55,0.08766964341694997,1.000000000000000000000
PRO000437,11,7,10,46.40,56.15,51.151818181818186,3.1052401458881587,9.75,0.06070634937844517,1.000000000000000000000
PRO000439,2,2,2,35.31,40.20,37.755,3.457752160002251,4.89,0.09158395338371741,1.000000000000000000000
PRO000440,126,14,102,50.99,69.14,59.069761904761876,4.139981152476394,18.15,0.07008630167074792,0.880952380952380952380
PRO000441,15,8,14,20.03,24.16,22.063333333333333,1.0435493462674665,4.13,0.0472979005711195,1.000000000000000000000
PRO000442,9,6,8,76.74,91.05,85.83777777777779,5.501115290960872,14.31,0.06408734514542656,1.000000000000000000000
PRO000443,30,9,29,115.98,145.02,125.3766666666667,7.742534706293268,29.04,0.061754191686065454,0.800000000000000000000
PRO000444,5,4,4,104.31,127.76,115.26400000000001,11.173550465272871,23.45,0.096938770693997,0.800000000000000000000
PRO000445,12,5,12,102.11,124.81,108.19666666666666,7.088105700696317,22.70,0.06551131304750285,0.916666666666666666666
PRO000446,2,1,2,162.72,176.32,169.51999999999998,9.616652224137969,13.60,0.05672871769784078,0.500000000000000000000
PRO000447,26,12,26,118.53,148.47,132.2323076923077,9.008881976224048,29.94,0.06812920483235367,0.846153846153846153846
PRO000448,3,1,3,136.52,152.71,146.84,8.965539582200693,16.19,0.06105652126260346,0.666666666666666666666
PRO000449,29,10,26,97.72,122.55,109.4648275862069,6.9330881702421525,24.83,0.06333621788041582,0.793103448275862068965
PRO000450,1,1,1,94.06,94.06,94.06,,0.00,,1.000000000000000000000
PRO000451,3,3,3,148.76,174.36,159.65333333333334,13.219157814827945,25.60,0.08279913446735392,1.000000000000000000000
PRO000452,16,7,15,46.70,52.90,50.152499999999996,1.7906665425665484,6.20,0.03570443233271619,1.000000000000000000000
PRO000453,4,3,4,163.57,172.06,167.7575,4.6687284136054785,8.49,0.02783022168073248,0.750000000000000000000
PRO000454,2,2,2,51.69,51.74,51.715,0.035355339050066596,0.05,0.0006836573344303702,1.000000000000000000000
PRO000455,4,4,4,136.70,163.17,153.3175,11.68944645110847,26.47,0.07624339329240609,0.750000000000000000000
PRO000456,27,8,27,225.43,274.81,249.82296296296295,16.019698886735753,49.38,0.06412420498395388,0.888888888888888888888
PRO000457,15,10,15,94.51,130.71,112.45133333333334,8.61827034906208,36.20,0.0766400014441395,1.000000000000000000000
PRO000458,11,6,11,32.57,41.09,36.531818181818174,3.1485070054927817,8.52,0.08618533547448204,0.909090909090909090909
PRO000459,14,6,12,178.86,206.68,190.49714285714285,7.378067735964888,27.82,0.03873059524833834,0.642857142857142857142
PRO000460,5,4,5,149.04,176.49,161.036,11.037247392352885,27.45,0.06853900613746544,0.800000000000000000000
PRO000461,2,2,2,167.13,178.12,172.625,7.771103525240273,10.99,0.045017254309863995,1.000000000000000000000
PRO000462,15,10,13,208.12,279.20,231.10066666666665,19.627389560315635,71.08,0.08493004301292496,0.933333333333333333333
PRO000463,3,3,3,81.01,85.25,83.36666666666666,2.1592668508859147,4.24,0.025900841873881426,1.000000000000000000000
PRO000464,2,2,2,193.96,196.13,195.04500000000002,1.5344217151744515,2.17,0.007867013843853733,1.000000000000000000000
PRO000465,9,6,9,175.30,216.32,197.0211111111111,16.13382816045575,41.02,0.08188882942273629,0.888888888888888888888
PRO000466,30,10,25,163.59,206.32,185.28133333333335,10.752927021988855,42.73,0.058035673796904455,0.900000000000000000000
PRO000467,73,16,60,141.17,188.06,168.75479452054793,10.565529132986025,46.89,0.0626087641717317,0.876712328767123287671
PRO000468,7,3,6,76.95,94.32,85.75,6.878158668325854,17.37,0.08021176289592832,0.857142857142857142857
PRO000469,10,7,9,111.58,151.15,126.38699999999999,12.363431787152022,39.57,0.0978220211505299,0.700000000000000000000
PRO000470,1,1,1,90.01,90.01,90.01,,0.00,,1.000000000000000000000
PRO000471,7,2,6,69.84,84.26,75.28714285714285,5.202389560851567,14.42,0.06910063741857075,0.714285714285714285714
PRO000472,4,4,4,105.53,125.10,114.29499999999999,8.219596502667915,19.57,0.07191562625371116,1.000000000000000000000
PRO000474,1,1,1,182.59,182.59,182.59,,0.00,,1.000000000000000000000
PRO000475,2,2,2,195.45,197.76,196.605,1.6334166645387653,2.31,0.008308113550208619,1.000000000000000000000
PRO000476,27,12,26,137.43,166.65,152.42222222222222,8.16219914433586,29.22,0.0535499287789931,0.888888888888888888888
PRO000477,16,8,14,147.24,186.37,166.73249999999996,15.433389992697174,39.13,0.09256377726416372,0.750000000000000000000
PRO000478,2,2,2,136.12,139.66,137.89,2.5031580054020384,3.54,0.01815329614476785,1.000000000000000000000
PRO000479,10,7,7,168.28,187.31,180.426,5.393286361558997,19.03,0.029891957708750385,1.000000000000000000000
PRO000481,16,8,16,159.62,191.30,177.995625,9.599765253206568,31.68,0.053932591057822735,0.812500000000000000000
PRO000482,178,13,132,191.70,268.36,230.94702247191006,17.829002957301917,76.66,0.07719953592157892,0.820224719101123595505
PRO000483,33,14,31,142.67,186.68,161.0648484848485,11.446867781518286,44.01,0.0710699317026651,0.909090909090909090909
PRO000484,3,1,2,116.52,128.99,124.83333333333333,7.19955785679478,12.47,0.05767336066858302,0.666666666666666666666
PRO000485,5,3,5,161.59,194.31,179.12199999999999,13.953335443542192,32.72,0.07789850182301557,0.800000000000000000000
PRO000487,2,1,2,36.06,40.23,38.144999999999996,2.948635277547974,4.17,0.07730070199365512,1.000000000000000000000
PRO000488,1,1,1,101.39,101.39,101.39,,0.00,,1.000000000000000000000
PRO000489,1,1,1,175.01,175.01,175.01,,0.00,,1.000000000000000000000
PRO000490,24,9,22,41.72,52.01,48.74458333333333,2.8344157885390073,10.29,0.05814832325381126,0.916666666666666666666
PRO000491,4,2,4,98.38,110.98,107.045,5.881980958826785,12.60,0.05494867540592073,0.750000000000000000000
PRO000492,3,2,2,110.41,111.96,111.44333333333333,0.8948929172425919,1.55,0.008030026476020028,1.000000000000000000000
PRO000493,27,6,22,114.79,147.38,132.5325925925926,9.622893213019395,32.59,0.07260774896783563,0.962962962962962962962
PRO000494,8,5,8,182.88,222.27,201.905,14.683383222443519,39.39,0.07272421793637364,0.625000000000000000000
PRO000495,26,11,26,147.01,201.57,168.9765384615385,13.454135703881434,54.56,0.07962132392091692,0.884615384615384615384
PRO000496,3,3,3,164.11,189.53,177.59,12.779780905790561,25.42,0.07196227775094634,1.000000000000000000000
PRO000497,9,6,9,187.83,245.62,212.66666666666669,17.25227303864581,57.79,0.0811235409340712,1.000000000000000000000
PRO000498,8,5,8,118.78,148.73,138.35375,10.034521751718813,29.95,0.07252800702343676,0.625000000000000000000
PRO000500,2,2,2,164.35,177.69,171.01999999999998,9.43280446102896,13.34,0.05515614817582131,1.000000000000000000000
PRO000501,3,2,3,98.07,111.54,102.65000000000002,7.70014934920079,13.47,0.0750136322377086,1.000000000000000000000
PRO000502,4,3,4,109.29,120.22,114.3275,4.869485770250113,10.93,0.042592427633335046,1.000000000000000000000
PRO000504,5,5,5,96.01,118.76,106.85999999999999,9.86127780766784,22.75,0.09228221792689352,1.000000000000000000000
PRO000505,4,4,4,74.73,95.36,83.7275,8.741595487476335,20.63,0.10440530873937875,1.000000000000000000000
PRO000506,1,1,1,44.24,44.24,44.24,,0.00,,0E-21
PRO000507,7,4,7,100.94,125.24,113.07857142857144,7.7852026917981325,24.30,0.06884772767682007,0.857142857142857142857
PRO000508,204,11,125,113.10,143.72,131.29999999999993,7.791519451908598,30.62,0.05934135149968471,0.892156862745098039215
PRO000509,6,6,6,111.81,143.29,122.57666666666665,11.271116478267459,31.48,0.09195156618933016,0.666666666666666666666
PRO000510,8,7,8,35.94,45.72,40.73875,3.3023170977792944,9.78,0.08106083514539092,0.625000000000000000000
PRO000512,3,2,3,96.14,101.98,99.91666666666667,3.2753676638409126,5.84,0.03278099413352039,1.000000000000000000000
PRO000514,15,6,14,153.28,200.02,172.186,15.531678595695967,46.74,0.09020291194229477,0.933333333333333333333
PRO000515,3,3,3,141.92,177.63,157.3033333333333,18.361057522194596,35.71,0.11672389346821173,1.000000000000000000000
PRO000516,7,4,6,116.80,129.59,121.5842857142857,5.500190472892687,12.79,0.04523767558101824,0.714285714285714285714
PRO000517,4,3,3,105.01,120.65,110.78,7.456352995936002,15.64,0.06730775407055427,1.000000000000000000000
PRO000518,345,12,210,134.02,186.88,160.58098550724614,11.196673310053924,52.86,0.06972602188662418,0.881159420289855072463
PRO000519,6,5,6,96.06,110.11,102.34499999999998,4.8324848680574615,14.05,0.04721759605312875,1.000000000000000000000
PRO000520,2,2,2,155.91,170.25,163.07999999999998,10.139911242215307,14.34,0.062177527852681554,1.000000000000000000000
PRO000521,15,6,15,126.22,154.08,140.66733333333332,10.097599054560924,27.86,0.07178353932844578,0.933333333333333333333
PRO000522,7,4,6,117.41,140.20,126.52857142857144,9.426069220644278,22.79,0.07449755509146432,0.571428571428571428571
PRO000523,13,7,13,69.04,88.73,78.87384615384616,6.184564843842306,19.69,0.07841084396694817,0.923076923076923076923
PRO000524,90,17,81,134.49,191.71,161.3634444444444,13.494366128721168,57.22,0.08362715716177666,0.888888888888888888888
PRO000525,5,3,5,91.30,104.11,96.19000000000001,5.54228292312796,12.81,0.057618078003201574,0.600000000000000000000
PRO000526,5,3,4,147.08,176.33,166.892,12.617159743777195,29.25,0.07560074625372813,0.800000000000000000000
PRO000527,15,5,12,47.83,57.82,51.994666666666674,2.584182287540361,9.99,0.04970091075123783,0.933333333333333333333
PRO000528,13,5,13,138.28,171.02,146.29538461538462,9.359766392548275,32.74,0.06397854872288287,0.923076923076923076923
PRO000529,5,5,5,158.48,174.09,167.342,5.6685553715209664,15.61,0.03387407447933553,0.800000000000000000000
PRO000530,5,5,5,108.12,121.08,113.71,5.729013876750775,12.96,0.05038267414256244,0.600000000000000000000
PRO000531,2,1,2,186.48,191.59,189.035,3.613315651865165,5.11,0.01911453250384937,0.500000000000000000000
PRO000532,1,1,1,94.44,94.44,94.44,,0.00,,1.000000000000000000000
PRO000533,50,7,40,172.67,225.64,195.88920000000002,12.598125847011428,52.97,0.06431250853549571,0.820000000000000000000
PRO000534,3,3,3,52.53,64.29,57.36000000000001,6.154827373696147,11.76,0.10730173245634844,0.666666666666666666666
PRO000535,2,1,2,157.39,160.35,158.87,2.0930360723102033,2.96,0.013174520502991146,1.000000000000000000000
PRO000536,5,3,4,94.66,111.94,104.46600000000001,9.01876820857456,17.28,0.0863320909058886,1.000000000000000000000
PRO000537,8,4,7,217.85,260.23,240.06875,14.034975125938907,42.38,0.058462316007139234,0.750000000000000000000
PRO000538,10,4,9,98.39,117.90,105.38799999999999,6.34988328851629,19.51,0.06025243185672269,0.900000000000000000000
PRO000539,10,5,9,34.10,42.73,39.418,2.748857540466152,8.63,0.06973609874844365,0.900000000000000000000
PRO000541,19,9,12,122.81,145.07,133.65473684210525,7.044866033282787,22.26,0.0527094377628032,0.947368421052631578947
PRO000542,5,3,4,165.21,181.85,174.33800000000002,7.357630053216495,16.64,0.04220324916665612,0.400000000000000000000
PRO000543,21,12,18,191.12,236.62,209.19095238095238,12.460813739384,45.50,0.05956669539269521,0.714285714285714285714
PRO000544,56,13,38,192.47,249.38,214.49089285714282,13.649552810095962,56.91,0.06363698070475636,0.839285714285714285714
PRO000545,2,2,2,106.72,113.53,110.125,4.815397179880457,6.81,0.043726648625475206,1.000000000000000000000
PRO000546,95,13,78,105.86,147.37,122.21631578947364,8.277968587870893,41.51,0.06773210707914225,0.821052631578947368421
PRO000547,32,13,19,126.06,162.50,142.35375000000005,9.706868120545668,36.44,0.0681883555617303,0.875000000000000000000
PRO000548,6,4,5,114.81,138.52,130.26,10.002601661568042,23.71,0.07678951068300355,1.000000000000000000000
PRO000549,9,5,8,107.81,121.73,115.89555555555557,5.251216790209134,13.92,0.04530990653642379,1.000000000000000000000
PRO000550,37,11,36,129.00,168.31,146.75918918918916,9.374261564512313,39.31,0.06387512506918958,0.891891891891891891891
PRO000551,8,3,5,192.16,208.18,200.875,7.273295578444801,16.02,0.03620806759648936,0.500000000000000000000
PRO000552,15,9,15,161.43,195.37,178.89933333333332,8.5678405903094,33.94,0.04789196488700946,1.000000000000000000000
PRO000553,13,8,12,141.07,182.37,158.72923076923078,13.028130757159047,41.30,0.08207770360898463,0.846153846153846153846
PRO000554,10,6,10,187.05,221.83,199.914,10.331810855584292,34.78,0.05168127722712913,0.700000000000000000000
PRO000555,17,11,17,155.71,197.91,169.66764705882352,12.058508163021397,42.20,0.07107134667129987,0.882352941176470588235
PRO000556,5,3,5,85.55,98.15,92.058,5.707474923291329,12.60,0.0619986847779805,1.000000000000000000000
PRO000557,8,6,8,173.14,190.88,183.59625,6.16967917086709,17.74,0.03360460342118692,0.875000000000000000000
PRO000558,3,2,3,91.55,108.57,99.91666666666667,8.513620459788772,17.02,0.08520721060672666,1.000000000000000000000
PRO000559,32,9,25,185.42,216.56,204.01375000000004,9.507228404506522,31.14,0.04660091981303476,0.937500000000000000000
PRO000560,6,5,6,86.30,105.17,96.17333333333333,7.857100398153858,18.87,0.08169728682400379,1.000000000000000000000
PRO000561,15,6,13,157.42,185.66,172.75066666666666,9.248411807028067,28.24,0.05353618591164955,0.800000000000000000000
PRO000562,8,4,8,187.87,204.27,195.29500000000002,5.415931525204825,16.40,0.02773205420110512,1.000000000000000000000
PRO000563,15,8,14,136.59,176.76,152.06799999999996,11.08660659148219,40.17,0.07290558560303412,0.733333333333333333333
PRO000564,7,5,7,83.22,94.54,89.06857142857143,3.7286701318808766,11.32,0.04186291608899425,0.714285714285714285714
PRO000565,19,11,19,160.66,204.78,180.6257894736842,13.582560025345554,44.12,0.07519723548294542,0.947368421052631578947
PRO000566,17,9,17,105.46,128.43,117.49882352941178,8.232703749644484,22.97,0.0700662653663397,1.000000000000000000000
PRO000567,20,9,20,180.40,210.86,195.671,8.869297663999912,30.46,0.045327604315406535,0.800000000000000000000
PRO000568,3,3,3,200.29,247.58,228.90666666666667,25.164229241789467,47.29,0.10993226893838595,0.666666666666666666666
PRO000569,2,1,2,169.68,187.05,178.365,12.282444789210615,17.37,0.06886129447599369,0.500000000000000000000
PRO000570,10,7,8,165.05,190.47,177.012,9.810322001738015,25.42,0.05542179062288441,0.800000000000000000000
PRO000571,52,11,50,64.45,79.83,73.49903846153845,3.763560714721551,15.38,0.05120557756263705,0.923076923076923076923
PRO000572,7,4,7,112.27,119.58,115.79857142857144,2.704178424656401,7.31,0.023352433378890446,0.857142857142857142857
PRO000574,5,4,5,126.12,151.80,138.53,10.810198888087184,25.68,0.07803507462706406,1.000000000000000000000
PRO000575,14,7,11,173.29,213.61,194.7407142857143,11.631925870231163,40.32,0.059730323537610916,1.000000000000000000000
PRO000576,26,8,22,62.11,78.28,70.7003846153846,5.077557271578111,16.17,0.07181795826430652,0.807692307692307692307
PRO000577,7,5,6,39.62,49.13,44.07142857142857,3.2434879814352406,9.51,0.07359616165331179,0.857142857142857142857
PRO000578,4,3,4,144.79,172.51,155.5725,12.583392163217983,27.72,0.08088442471013825,0.750000000000000000000
PRO000579,12,7,9,154.68,207.07,182.56666666666663,13.778356105490502,52.39,0.07547027262456,0.916666666666666666666
PRO000580,46,9,33,202.91,255.54,222.930652173913,12.309491622714818,52.63,0.05521668511117044,0.826086956521739130434
PRO000581,10,7,10,125.96,149.98,141.905,7.871164321609749,24.02,0.05546784342771396,0.700000000000000000000
PRO000582,5,3,5,77.99,92.40,86.502,5.300346215107104,14.41,0.06127426204142221,1.000000000000000000000
PRO000583,8,5,8,39.09,47.31,42.99125000000001,2.548609915228171,8.22,0.059282061238697885,0.875000000000000000000
PRO000585,6,4,6,59.92,71.16,64.44833333333334,4.450839995626126,11.24,0.06906059110335605,0.833333333333333333333
PRO000586,3,2,3,118.86,124.33,121.23333333333333,2.8058213295461503,5.47,0.023143975772995467,1.000000000000000000000
PRO000587,16,8,15,68.79,80.84,73.953125,4.422760403111763,12.05,0.05980491565585312,0.812500000000000000000
PRO000588,1,1,1,41.44,41.44,41.44,,0.00,,0E-21
PRO000589,15,11,15,79.10,104.78,93.858,7.925089634463781,25.68,0.08443701798955636,0.733333333333333333333
PRO000590,9,6,8,118.70,151.49,128.82666666666668,10.338277177557188,32.79,0.08024951234907773,0.777777777777777777777
PRO000591,9,8,9,88.27,108.49,98.93777777777777,7.62520455099057,20.22,0.07707070769385375,0.777777777777777777777
PRO000592,11,4,10,192.02,231.91,207.54999999999998,14.227717315156763,39.89,0.06855079409856306,0.909090909090909090909
PRO000593,96,17,50,87.99,110.87,102.8257291666667,6.061754261422227,22.88,0.05895172648469078,0.937500000000000000000
PRO000594,3,3,3,120.72,129.93,125.26666666666667,4.606108263309602,9.21,0.03677042253839491,1.000000000000000000000
PRO000595,13,5,13,84.26,100.05,93.05384615384614,5.480189380032993,15.79,0.05889266920759603,0.769230769230769230769
PRO000596,5,4,5,41.60,49.80,45.418,3.6226675254568415,8.20,0.07976281486320053,1.000000000000000000000
PRO000597,5,3,5,145.96,162.73,155.298,7.014857090489927,16.77,0.04517029897674102,0.800000000000000000000
PRO000599,12,5,11,191.37,208.48,204.00666666666666,5.659316266658259,17.11,0.02774083984179402,1.000000000000000000000
PRO000600,5,2,5,65.41,72.48,69.4,3.47222551110953,7.07,0.05003206788342262,1.000000000000000000000
PRO000601,10,5,8,148.39,188.50,158.39600000000002,12.878473166921102,40.11,0.08130554538574901,0.900000000000000000000
PRO000602,11,7,9,154.23,185.20,168.17636363636365,12.225220057509834,30.97,0.07269285524536372,0.909090909090909090909
PRO000603,28,11,27,126.63,183.35,161.69035714285718,13.063987957327345,56.72,0.08079633311580238,0.964285714285714285714
PRO000604,69,15,57,160.82,220.75,191.84985507246375,14.890905287215373,59.93,0.07761749562745783,0.826086956521739130434
PRO000605,2,2,2,94.48,96.42,95.45,1.3717871555016115,1.94,0.01437178790467901,1.000000000000000000000
PRO000606,2,2,2,156.49,167.69,162.09,7.9195959492894055,11.20,0.04885925072052197,1.000000000000000000000
PRO000607,37,12,31,51.41,62.23,58.25783783783784,3.096150957358489,10.82,0.05314565511299447,0.810810810810810810810
PRO000608,4,2,4,227.20,255.58,247.90750000000003,13.840080382714072,28.38,0.05582759853055705,0.750000000000000000000
PRO000609,11,5,9,55.84,78.29,67.2909090909091,6.98125841742797,22.45,0.10374742311768126,0.909090909090909090909
PRO000610,3,2,3,108.14,124.21,117.40333333333332,8.311897095930403,16.07,0.07079779474685902,1.000000000000000000000
PRO000611,11,6,10,110.34,125.28,119.71545454545453,4.7586539349620125,14.94,0.03974970443899713,1.000000000000000000000
PRO000612,4,2,3,97.91,113.22,109.35,7.62708769234156,15.31,0.0697493158878972,1.000000000000000000000
PRO000613,2,2,2,109.28,110.51,109.89500000000001,0.8697413408557123,1.23,0.007914294015703283,1.000000000000000000000
PRO000614,6,3,5,105.49,119.45,112.88499999999999,5.542817875413607,13.96,0.04910145613158176,0.666666666666666666666
PRO000615,38,16,28,126.84,158.09,141.16394736842108,9.475517111888534,31.25,0.0671242005379643,0.815789473684210526315
PRO000616,42,13,41,140.82,175.25,161.77690476190475,11.25585885121657,34.43,0.06957642605279404,0.952380952380952380952
PRO000617,8,5,8,197.23,217.90,209.53625000000002,6.991758285907216,20.67,0.033367774243870524,1.000000000000000000000
PRO000618,72,15,49,38.50,47.39,42.71708333333333,2.057304702965898,8.89,0.04816116978100249,0.847222222222222222222
PRO000619,12,8,12,152.39,192.50,169.75666666666666,12.171916509537404,40.11,0.07170214135647537,0.750000000000000000000
PRO000620,1,1,1,47.21,47.21,47.21,,0.00,,0E-21
PRO000621,7,7,7,196.67,218.73,208.39714285714285,7.482957780373628,22.06,0.035907199483551595,0.857142857142857142857
PRO000622,13,4,13,112.72,139.62,127.91769230769229,9.687348410724919,26.90,0.07573110674497661,0.846153846153846153846
PRO000623,10,6,10,174.96,204.78,188.317,9.349846166292439,29.82,0.04964950676939649,0.800000000000000000000
PRO000624,4,4,4,102.98,116.81,106.64750000000001,6.784263040301357,13.83,0.063613896624875,0.750000000000000000000
PRO000625,1,1,1,170.84,170.84,170.84,,0.00,,1.000000000000000000000
PRO000626,2,2,2,175.99,185.16,180.575,6.484169183481858,9.17,0.03590845456725382,1.000000000000000000000
PRO000627,4,2,4,164.06,206.10,182.97500000000002,18.455713659099107,42.04,0.10086467363901683,0.750000000000000000000
PRO000628,102,17,81,97.28,129.08,114.44509803921562,6.772571318748608,31.80,0.0591774696757036,0.852941176470588235294
PRO000629,6,4,6,98.25,107.37,104.64666666666666,3.352161491734476,9.12,0.0320331416041391,0.500000000000000000000
PRO000630,171,14,142,119.75,161.43,138.2556140350877,10.44411897856402,41.68,0.07554209679986972,0.847953216374269005847
PRO000631,3,2,3,234.99,250.01,241.25666666666666,7.812664931593149,15.02,0.03238320847061835,0.666666666666666666666
PRO000632,3,2,2,114.38,115.18,114.91333333333334,0.4618802153514906,0.80,0.004019378795772094,1.000000000000000000000
PRO000633,58,13,42,96.14,122.47,112.88793103448275,6.955126787251109,26.33,0.061610897848119794,0.879310344827586206896
PRO000634,3,3,3,169.43,189.96,182.93999999999997,11.703003887891919,20.53,0.06397181528310879,1.000000000000000000000
PRO000635,14,4,12,183.09,222.10,203.86714285714285,11.890199214589881,39.01,0.05832327391237232,0.785714285714285714285
PRO000636,1,1,1,110.88,110.88,110.88,,0.00,,0E-21
PRO000637,2,2,2,78.57,79.00,78.785,0.30405591590738695,0.43,0.003859312253695335,0.500000000000000000000
PRO000638,20,9,18,46.13,59.44,53.57000000000001,3.719129779368944,13.31,0.06942560723107978,0.950000000000000000000
PRO000639,24,10,21,97.53,122.22,109.52458333333334,6.0471581389913425,24.69,0.05521279291779707,0.791666666666666666666
PRO000642,11,6,9,103.51,127.71,116.34181818181818,6.632367327254773,24.20,0.05700759564277873,0.818181818181818181818
PRO000643,26,12,26,128.50,163.86,144.4280769230769,10.488502665006925,35.36,0.07262093969854042,0.846153846153846153846
PRO000644,5,3,5,167.85,188.68,178.1,8.46924731012164,20.83,0.04755332571657293,0.800000000000000000000
PRO000645,2,2,2,137.65,159.29,148.47,15.301790744876948,21.64,0.10306318276336598,1.000000000000000000000
PRO000646,5,4,5,183.09,188.88,185.67800000000003,2.341392747915928,5.79,0.012609963204665755,1.000000000000000000000
PRO000647,3,2,3,100.76,103.45,102.28666666666668,1.3813157978287702,2.69,0.013504358318080917,1.000000000000000000000
PRO000648,25,9,17,106.14,135.97,123.184,9.08515364023462,29.83,0.07375270847053692,0.880000000000000000000
PRO000649,5,3,5,188.74,202.06,197.27800000000002,5.042174134239777,13.32,0.025558724917323656,0.800000000000000000000
PRO000650,6,3,6,76.52,84.39,79.195,3.275049617945188,7.87,0.041354247338155035,1.000000000000000000000
PRO000651,1,1,1,192.02,192.02,192.02,,0.00,,1.000000000000000000000
PRO000652,6,3,5,151.13,187.15,160.42333333333332,14.314727614127493,36.02,0.08923095734698296,0.833333333333333333333
PRO000653,12,10,12,157.32,193.99,173.49750000000003,12.631422668739676,36.67,0.07280463792699995,0.750000000000000000000
PRO000654,8,4,7,152.04,178.40,162.90249999999997,12.387779404374115,26.36,0.07604413317397901,0.625000000000000000000
PRO000655,15,7,13,162.87,208.08,183.11333333333332,12.952767860117923,45.21,0.07073634466879122,0.733333333333333333333
PRO000658,7,5,7,208.59,249.79,223.13285714285715,16.74894993154855,41.20,0.07506267855847565,0.857142857142857142857
PRO000659,4,4,4,121.02,144.11,133.5375,9.59761906238585,23.09,0.07187208883187007,1.000000000000000000000
PRO000660,6,4,6,50.88,55.67,53.03666666666666,1.9304058295257414,4.79,0.03639757079113333,1.000000000000000000000
PRO000661,5,4,4,120.68,137.39,127.08399999999999,7.467039574021436,16.71,0.05875672448161403,0.400000000000000000000
PRO000662,8,5,6,92.01,110.52,103.55625,6.646741279969863,18.51,0.06418483944686934,1.000000000000000000000
PRO000663,36,7,35,144.26,175.28,164.36777777777786,8.1996449787632,31.02,0.04988596359712891,0.944444444444444444444
PRO000664,17,8,16,108.69,122.83,119.18294117647058,3.633167978338644,14.14,0.030483959721711532,0.941176470588235294117
PRO000665,8,5,8,173.70,190.04,183.2325,5.6245095024248455,16.34,0.030696025554554165,0.875000000000000000000
PRO000666,5,5,5,76.75,89.71,84.75800000000001,5.110574331716479,12.96,0.060296070361694216,1.000000000000000000000
PRO000667,4,1,4,168.11,203.42,183.93,17.542229048783717,35.31,0.09537448512359983,1.000000000000000000000
PRO000668,40,7,34,138.62,201.16,173.61425,13.90624705358656,62.54,0.08009853484714854,0.775000000000000000000
PRO000669,9,6,9,220.78,266.90,242.87444444444444,15.190645239021112,46.12,0.06254525985131322,0.888888888888888888888
PRO000670,3,3,3,105.32,115.19,109.85333333333334,4.983797079871133,9.87,0.04536773649597463,1.000000000000000000000
PRO000671,11,6,10,141.91,176.21,160.58727272727273,10.022153551916022,34.30,0.06240938887440205,0.909090909090909090909
PRO000672,22,7,18,158.86,189.92,177.5363636363637,9.511848523691228,31.06,0.0535769029446482,0.818181818181818181818
PRO000673,6,2,5,171.10,189.02,181.37166666666667,8.751624801525411,17.92,0.048252436349992614,0.500000000000000000000
PRO000674,3,2,3,234.88,255.19,245.11666666666667,10.155985099108591,20.31,0.04143327027582209,0.666666666666666666666
PRO000675,1,1,1,136.49,136.49,136.49,,0.00,,1.000000000000000000000
PRO000676,15,7,15,149.43,204.65,170.3153333333333,15.730375014450445,55.22,0.09236029843339871,0.933333333333333333333
PRO000677,3,1,3,179.44,187.17,182.23666666666665,4.285117656884179,7.73,0.023514025663793486,1.000000000000000000000
PRO000678,5,3,5,141.74,158.75,149.774,7.4726655217532585,17.01,0.0498929421779031,1.000000000000000000000
PRO000679,2,2,2,158.10,159.00,158.55,0.6363961030612616,0.90,0.004013851170364311,1.000000000000000000000
PRO000680,5,4,5,38.95,43.92,42.263999999999996,1.9170628576027655,4.97,0.04535923853877451,0.800000000000000000000
PRO000681,7,5,7,114.20,153.00,132.87571428571428,14.750289101282997,38.80,0.11100816413725069,0.714285714285714285714
PRO000682,2,1,1,73.84,73.84,73.84,0.0,0.00,0.0,0E-21
PRO000683,92,18,73,112.33,161.71,133.57380434782607,11.770686054901656,49.38,0.0881212159253232,0.804347826086956521739
PRO000684,3,2,3,46.01,51.10,48.336666666666666,2.572942543729571,5.09,0.05322962299971528,0.666666666666666666666
PRO000685,18,8,14,107.95,126.98,115.40277777777777,6.063132373864901,19.03,0.052538877231709344,0.833333333333333333333
PRO000686,8,4,6,161.34,189.90,171.8325,11.02415108490695,28.56,0.06415637952603233,0.750000000000000000000
PRO000687,3,3,3,194.84,220.79,208.49333333333334,13.028086326599258,25.95,0.062486824486470825,1.000000000000000000000
PRO000688,2,1,2,118.45,121.40,119.92500000000001,2.0859650044993736,2.95,0.017393912899723772,1.000000000000000000000
PRO000689,1,1,1,128.85,128.85,128.85,,0.00,,1.000000000000000000000
PRO000690,10,4,10,83.49,101.89,95.23100000000001,5.904961096870597,18.40,0.06200671101711204,0.900000000000000000000
PRO000691,8,7,8,66.46,79.04,74.7525,3.963875268327417,12.58,0.05302665821647994,0.875000000000000000000
PRO000692,3,2,3,171.63,205.45,188.61666666666665,16.910521379701827,33.82,0.08965549905293892,1.000000000000000000000
PRO000693,30,13,27,93.13,120.96,105.72233333333332,8.316591926045728,27.83,0.07866447574349533,0.866666666666666666666
PRO000694,4,3,4,164.30,185.09,174.3025,9.352808401757862,20.79,0.053658486836149,1.000000000000000000000
PRO000695,2,2,2,88.85,95.40,92.125,4.63154941677209,6.55,0.05027462053483951,1.000000000000000000000
PRO000696,6,5,5,175.52,219.20,199.55500000000004,13.919738144088218,43.68,0.06975389313266124,1.000000000000000000000
PRO000697,4,3,4,155.81,192.25,178.0875,15.625881041827096,36.44,0.08774271659620746,0.750000000000000000000
PRO000698,14,8,14,127.67,153.76,139.86285714285714,9.584360199802656,26.09,0.0685268440499046,1.000000000000000000000
PRO000699,2,1,2,139.51,145.35,142.43,4.129503602128273,5.84,0.02899321492753123,1.000000000000000000000
PRO000700,3,3,3,81.52,108.21,92.55,13.934371173468854,26.69,0.15056046648804813,1.000000000000000000000
PRO000701,24,9,22,59.56,85.57,71.48624999999998,7.095677687707387,26.01,0.09925933571431414,0.833333333333333333333
PRO000702,5,2,5,138.83,163.62,150.866,11.674653313910431,24.79,0.07738425698242433,0.800000000000000000000
PRO000704,2,1,2,202.44,224.32,213.38,15.471496372361914,21.88,0.07250677838767416,1.000000000000000000000
PRO000705,7,6,7,144.35,180.71,165.6885714285714,12.38591596474478,36.36,0.07475419612803148,0.714285714285714285714
PRO000706,12,8,12,141.40,191.68,164.48333333333332,16.440166075988007,50.28,0.09995034598837577,0.833333333333333333333
PRO000707,9,8,9,97.06,126.58,110.92333333333333,9.257707599616644,29.52,0.08346041650043554,0.777777777777777777777
PRO000708,13,8,12,193.24,235.45,216.37230769230771,14.571610614390778,42.21,0.06734508112337712,1.000000000000000000000
PRO000709,1,1,1,51.12,51.12,51.12,,0.00,,0E-21
PRO000710,4,3,4,148.83,175.26,163.5225,10.971622107357685,26.43,0.06709548904497965,0.750000000000000000000
PRO000711,1,1,1,191.19,191.19,191.19,,0.00,,0E-21
PRO000712,4,1,4,89.49,105.79,96.6025,7.7405226998352,16.30,0.08012756087922361,1.000000000000000000000
PRO000714,3,2,2,137.32,158.56,144.4,12.262919717587627,21.24,0.08492326674229658,1.000000000000000000000
PRO000715,3,3,3,120.34,150.58,132.21666666666667,16.12984914167952,30.24,0.12199558155814588,1.000000000000000000000
PRO000717,17,5,16,159.65,193.52,170.46823529411762,10.960709509023207,33.87,0.06429766513457555,0.882352941176470588235
PRO000718,10,5,10,91.17,102.22,97.42099999999999,3.901926732041849,11.05,0.04005221391734687,0.800000000000000000000
PRO000719,10,6,10,161.50,186.05,175.16099999999997,7.712939272562003,24.55,0.044033427946643396,0.800000000000000000000
PRO000720,7,3,5,94.13,115.21,103.69571428571429,8.761635800737208,21.08,0.0844937118287854,0.285714285714285714285
PRO000721,17,8,16,99.06,123.76,109.70647058823528,7.421585865885316,24.70,0.06764948162210947,0.823529411764705882352
PRO000722,5,4,5,152.85,164.50,160.84,4.605925531312568,11.65,0.0286366919380289,1.000000000000000000000
PRO000723,15,9,15,153.22,208.35,179.92933333333335,14.212547005408485,55.13,0.0789896052083882,0.666666666666666666666
PRO000724,5,2,5,44.62,55.52,51.501999999999995,4.4233663651114865,10.90,0.08588727360318991,1.000000000000000000000
PRO000726,7,4,7,53.09,58.66,57.34285714285714,1.9345000584622227,5.57,0.033735676156541,1.000000000000000000000
PRO000727,38,3,27,89.55,118.78,104.61631578947367,8.728405761697038,29.23,0.08343254774199645,0.842105263157894736842
PRO000728,3,2,3,175.20,183.07,180.25,4.383366286314114,7.87,0.024318259563462494,0.666666666666666666666
PRO000729,5,3,5,37.82,46.93,42.106,3.340236518571724,9.11,0.07932922905456999,0.800000000000000000000
PRO000730,181,19,104,177.50,232.57,207.4633701657459,13.372698024995236,55.07,0.06445811621739089,0.928176795580110497237
PRO000731,228,11,161,126.49,162.18,145.77131578947376,7.9074657204492285,35.69,0.05424569077684234,0.868421052631578947368
PRO000732,8,6,8,190.80,228.94,205.105,15.305599348884687,38.14,0.07462323857967718,0.875000000000000000000
PRO000733,2,2,2,96.31,110.37,103.34,9.941921343482957,14.06,0.09620593519917704,1.000000000000000000000
PRO000734,6,2,5,46.55,54.67,51.385,3.108219747701251,8.12,0.06048885370635888,0.666666666666666666666
PRO000735,13,7,12,164.52,212.89,191.9123076923077,16.747261046633827,48.37,0.08726517464155895,0.846153846153846153846
PRO000736,65,12,32,118.66,139.90,129.97461538461542,6.246991044925666,21.24,0.04806316238320716,0.938461538461538461538
PRO000737,11,5,7,104.53,119.31,110.96,4.7623628589179,14.78,0.042919636435813806,0.818181818181818181818
PRO000738,4,2,4,63.81,68.51,65.805,2.012800702172316,4.70,0.03058735205793353,0.750000000000000000000
PRO000739,40,10,34,48.48,64.67,57.547000000000004,3.89437740654594,16.19,0.06767298741108901,0.875000000000000000000
PRO000740,14,7,9,122.46,145.63,134.8057142857143,8.615270623264516,23.17,0.06390879399225512,0.928571428571428571428
PRO000741,11,4,9,182.92,218.00,200.0090909090909,11.64760529426152,35.08,0.058235379408607214,0.545454545454545454545
PRO000742,5,4,5,142.30,173.71,158.11400000000003,12.916273843488591,31.41,0.08168962801199507,1.000000000000000000000
PRO000743,1,1,1,101.86,101.86,101.86,,0.00,,1.000000000000000000000
PRO000745,12,5,11,65.24,82.23,71.24,4.979521700287796,16.99,0.06989783408601623,0.833333333333333333333
PRO000746,11,7,9,86.59,97.69,92.59727272727274,4.132457116314703,11.10,0.044628281099445034,0.909090909090909090909
PRO000747,5,2,3,70.03,74.33,72.86399999999999,2.0570075352319153,4.30,0.02823077974352102,1.000000000000000000000
PRO000748,3,2,3,85.96,99.90,93.97000000000001,7.199006875951669,13.94,0.07660962941312832,1.000000000000000000000
PRO000749,5,4,5,48.67,57.72,53.80999999999999,3.84169233541685,9.05,0.07139365053738805,0.800000000000000000000
PRO000750,2,2,2,119.41,134.24,126.825,10.486393564996648,14.83,0.08268396266506325,0.500000000000000000000
PRO000751,2,2,2,60.48,65.42,62.95,3.493107499061519,4.94,0.05549019061257377,1.000000000000000000000
PRO000752,13,9,11,152.58,178.07,168.89615384615385,7.230354461644575,25.49,0.04280946781198255,0.923076923076923076923
PRO000753,27,8,25,118.22,164.63,136.9622222222222,9.819195616958893,46.41,0.07169272999256085,0.777777777777777777777
PRO000754,8,4,7,177.85,193.95,185.22125000000003,5.973772288690858,16.10,0.03225208926454636,0.625000000000000000000
PRO000755,16,7,15,46.65,61.36,55.070625,4.112560384561773,14.71,0.07467793192036178,0.687500000000000000000
PRO000756,3,3,3,82.73,104.00,93.37666666666667,10.635019197600721,21.27,0.11389375501660716,0.666666666666666666666
PRO000757,15,7,13,107.55,133.86,121.48133333333332,8.524628912465454,26.31,0.07017233577009462,0.866666666666666666666
PRO000758,2,2,2,128.29,158.15,143.22,21.114208486230375,29.86,0.14742499990385682,1.000000000000000000000
PRO000759,4,2,3,136.66,148.96,143.26,5.048267029387949,12.30,0.03523849664517625,0.750000000000000000000
PRO000760,10,7,8,166.67,174.41,170.997,2.436194892768406,7.74,0.01424700370631301,0.900000000000000000000
PRO000761,7,4,7,150.06,181.10,161.1442857142857,10.103695457839478,31.04,0.06269968192203647,1.000000000000000000000
PRO000762,15,8,14,131.05,156.75,142.53666666666666,7.428778660113735,25.70,0.05211836949636633,0.800000000000000000000
PRO000763,3,3,3,179.60,196.04,185.17666666666665,9.409039979367511,16.44,0.05081115320163184,0.666666666666666666666
PRO000764,7,5,7,135.57,160.20,144.0942857142857,7.679029576587322,24.63,0.05329170090626303,1.000000000000000000000
PRO000767,6,4,5,312.65,358.57,334.3183333333333,18.740756032420457,45.92,0.05605662078284805,1.000000000000000000000
PRO000768,8,5,7,271.30,309.14,297.8725,14.125228443158905,37.84,0.047420384369684696,0.750000000000000000000
PRO000769,3,3,3,222.28,255.29,234.72666666666666,17.939488101207104,33.01,0.07642714121903676,0.666666666666666666666
PRO000770,1,1,1,136.42,136.42,136.42,,0.00,,1.000000000000000000000
PRO000771,2,2,2,272.81,286.34,279.575,9.567154749453524,13.53,0.034220351424317355,1.000000000000000000000
PRO000772,2,2,2,196.82,206.36,201.59,6.745798692519589,9.54,0.03346296290748345,1.000000000000000000000
PRO000773,5,5,5,128.30,149.94,137.552,7.991800172677121,21.64,0.058100210630722356,1.000000000000000000000
PRO000774,1,1,1,138.30,138.30,138.3,,0.00,,0E-21
PRO000775,2,1,2,89.01,98.63,93.82,6.802367235014812,9.62,0.07250444718625892,0.500000000000000000000
PRO000776,4,1,3,34.40,35.30,34.834999999999994,0.3678314831552878,0.90,0.010559250269995345,0.500000000000000000000
PRO000777,4,2,2,143.51,145.96,145.34750000000003,1.224999999996278,2.45,0.008428077538287743,1.000000000000000000000
PRO000778,6,4,6,129.71,166.58,141.58666666666667,14.449658358129604,36.87,0.10205521959315568,0.833333333333333333333
PRO000779,6,5,6,293.23,306.98,298.69,5.230881378887653,13.75,0.01751274357657656,0.833333333333333333333
PRO000782,9,4,7,229.39,265.06,248.16555555555553,10.137655191304622,35.67,0.0408503717150028,0.777777777777777777777
PRO000783,2,1,2,238.60,266.01,252.305,19.3817968723232,27.41,0.0768189170738717,1.000000000000000000000
PRO000784,10,5,10,280.55,305.96,293.72399999999993,8.372631605417917,25.41,0.02850509868249758,0.900000000000000000000
PRO000786,2,2,2,202.45,208.16,205.305,4.037579720573188,5.71,0.019666251287465904,1.000000000000000000000
PRO000787,6,5,6,120.68,153.65,131.56666666666666,11.881787183191934,32.97,0.09031001152666786,0.833333333333333333333
PRO000788,2,2,2,208.63,217.46,213.04500000000002,6.243752877876335,8.83,0.02930720213042472,0.500000000000000000000
PRO000789,8,5,8,31.37,35.63,33.45125,1.4213719479029772,4.26,0.04249084706559477,1.000000000000000000000
PRO000790,6,5,6,173.38,190.24,182.31166666666664,6.228124650861783,16.86,0.03416196431492838,0.833333333333333333333
PRO000793,2,1,2,430.53,438.31,434.41999999999996,5.501290757634446,7.78,0.012663530126684882,1.000000000000000000000
PRO000795,5,2,5,176.43,215.49,198.77399999999997,19.478682707000857,39.06,0.09799411747512683,0.800000000000000000000
PRO000796,1,1,1,244.80,244.80,244.8,,0.00,,1.000000000000000000000
PRO000797,37,12,35,137.65,175.98,150.17567567567565,8.939686963368414,38.33,0.059528195382818574,0.864864864864864864864
PRO000798,16,8,15,107.34,133.96,120.20812500000001,7.985840985769567,26.62,0.06643345435900914,0.750000000000000000000
PRO000799,3,3,3,69.31,72.32,70.96,1.5258112596254236,3.01,0.02150241346710011,1.000000000000000000000
PRO000800,3,3,3,224.10,245.42,231.86666666666667,11.779207670014582,21.32,0.050801643200177896,1.000000000000000000000
PRO000802,3,3,3,130.86,145.41,140.18666666666664,8.096519828502878,14.55,0.057755277452702675,1.000000000000000000000
PRO000803,10,7,10,134.11,170.33,154.72799999999998,12.393412049239432,36.22,0.08009805626156502,0.800000000000000000000
PRO000804,7,6,7,278.46,309.31,290.19,10.339097317141732,30.85,0.03562871676192058,0.714285714285714285714
PRO000805,1,1,1,201.08,201.08,201.08,,0.00,,1.000000000000000000000
PRO000806,1,1,1,222.23,222.23,222.23,,0.00,,1.000000000000000000000
PRO000807,14,7,14,146.98,183.91,161.37857142857143,12.628001155638582,36.93,0.07825079280261149,1.000000000000000000000
PRO000808,2,2,2,276.87,342.40,309.635,46.33670737115434,65.53,0.14964944974293715,0.500000000000000000000
PRO000809,6,3,5,382.06,424.12,407.24333333333334,16.458210919375734,42.06,0.04041370250229363,0.666666666666666666666
PRO000810,1,1,1,161.59,161.59,161.59,,0.00,,1.000000000000000000000
PRO000811,33,6,27,201.78,255.03,224.22636363636366,16.940179828255832,53.25,0.0755494561546222,0.696969696969696969696
PRO000812,8,5,8,80.91,92.42,87.07749999999999,4.498017817407728,11.51,0.05165533940923578,0.875000000000000000000
PRO000813,72,14,64,182.94,240.61,200.99291666666664,12.959460564923788,57.67,0.06447720039018186,0.944444444444444444444
PRO000814,21,9,20,264.28,355.74,306.6547619047619,28.007252385595304,91.46,0.0913315423886799,0.904761904761904761904
PRO000815,4,4,4,115.64,136.50,121.615,9.950790588357085,20.86,0.08182206626121026,0.750000000000000000000
PRO000816,3,2,3,21.50,23.98,22.536666666666665,1.2890435730933059,2.48,0.05719761454340952,1.000000000000000000000
PRO000817,4,3,4,165.56,184.38,171.74,8.621194812785353,18.82,0.050199108028329754,0.750000000000000000000
PRO000818,1,1,1,295.34,295.34,295.34,,0.00,,0E-21
PRO000819,13,6,11,67.17,79.37,71.91461538461539,4.475516013795963,12.20,0.06223374747761504,0.846153846153846153846
PRO000821,2,2,2,158.51,177.73,168.12,13.59059233440518,19.22,0.08083864105641911,1.000000000000000000000
PRO000822,109,16,92,115.46,152.81,133.1647706422019,9.22813497833532,37.35,0.06929862105293776,0.788990825688073394495
PRO000823,3,3,3,214.22,244.77,228.8033333333333,15.321906974438061,30.55,0.06696540103336808,1.000000000000000000000
PRO000824,5,3,5,257.18,302.74,281.62800000000004,21.058050004689196,45.56,0.07477257234610618,0.800000000000000000000
PRO000825,1,1,1,328.29,328.29,328.29,,0.00,,1.000000000000000000000
PRO000826,6,4,6,235.61,252.48,244.40333333333334,7.264967079530052,16.87,0.02972531912902191,1.000000000000000000000
PRO000827,5,3,5,45.02,48.04,46.43000000000001,1.3575345299474504,3.02,0.02923830562023369,0.800000000000000000000
PRO000829,8,4,8,269.95,307.41,289.35375000000005,15.724491304512071,37.46,0.054343485455129126,1.000000000000000000000
PRO000831,21,10,18,295.06,356.64,325.8714285714285,18.661064354884992,61.58,0.05726511353478364,0.809523809523809523809
PRO000832,1,1,1,93.20,93.20,93.2,,0.00,,1.000000000000000000000
PRO000833,2,2,2,96.24,96.34,96.28999999999999,0.07071067812585759,0.10,0.0007343512111938684,0E-21
PRO000834,5,2,4,258.42,293.49,270.89000000000004,13.34273959874681,35.07,0.04925519435470784,0.600000000000000000000
PRO000835,18,10,18,338.42,440.33,391.6061111111111,29.122914596159287,101.91,0.07436787570430992,1.000000000000000000000
PRO000836,4,2,4,269.97,309.45,296.9275,18.581554249667363,39.48,0.06257943184672138,1.000000000000000000000
PRO000837,25,6,22,155.79,186.82,168.39719999999997,9.29433766691667,31.03,0.055192946598379734,1.000000000000000000000
PRO000838,5,5,5,152.68,175.19,168.934,9.28406322684221,22.51,0.05495674776446548,1.000000000000000000000
PRO000839,2,1,2,291.67,310.76,301.21500000000003,13.498668452849392,19.09,0.04481406454807825,0.500000000000000000000
PRO000840,20,6,18,267.63,306.75,289.134,11.166186928682865,39.12,0.03861941843118715,0.850000000000000000000
PRO000841,4,3,4,336.18,344.49,340.45500000000004,3.6336437176261778,8.31,0.010672904547227026,1.000000000000000000000
PRO000842,1,1,1,348.30,348.30,348.3,,0.00,,1.000000000000000000000
PRO000843,3,2,3,159.04,185.30,170.14000000000001,13.592630356189254,26.26,0.0798908566838442,0.666666666666666666666
PRO000844,4,3,3,286.83,304.36,296.40999999999997,9.275843178206845,17.53,0.031293961668657756,1.000000000000000000000
PRO000845,7,4,6,233.13,280.68,256.0657142857143,13.904841911054794,47.55,0.05430184962419443,0.714285714285714285714
PRO000846,3,3,3,347.25,366.16,357.07,9.476112071940534,18.91,0.026538527661076356,1.000000000000000000000
PRO000847,4,3,4,185.41,206.16,198.3575,9.420762088776863,20.75,0.047493853717539614,1.000000000000000000000
PRO000848,3,2,3,148.16,174.91,162.24333333333334,13.431151601159465,26.75,0.08278399688426519,1.000000000000000000000
PRO000849,2,2,2,77.51,85.33,81.42,5.5295750288787575,7.82,0.06791421062243623,1.000000000000000000000
PRO000850,1,1,1,184.59,184.59,184.59,,0.00,,1.000000000000000000000
PRO000851,2,2,2,302.73,317.88,310.305,10.712667734976684,15.15,0.03452302648999109,1.000000000000000000000
PRO000852,3,3,3,253.86,289.24,269.32,18.106761168137897,35.38,0.06723140193130067,0.666666666666666666666
PRO000853,14,5,13,145.82,183.97,155.87285714285713,10.423592639608444,38.15,0.06687240376979325,0.928571428571428571428
PRO000854,3,3,3,167.66,196.36,182.08,14.350512185981135,28.70,0.07881432439576633,0.666666666666666666666
PRO000855,2,2,2,181.54,194.97,188.255,9.496444071335729,13.43,0.05044457821218947,0E-21
PRO000856,2,2,2,172.37,192.29,182.32999999999998,14.08556708123605,19.92,0.07725315132581612,0.500000000000000000000
PRO000857,3,1,2,256.94,275.86,269.55333333333334,10.923467093068458,18.92,0.040524325772519194,0.333333333333333333333
PRO000858,5,5,5,252.18,299.90,277.634,17.862016403530756,47.72,0.06433655965598865,0.800000000000000000000
PRO000859,3,3,3,78.43,94.15,85.33333333333333,8.032760007203972,15.72,0.09413390633442155,1.000000000000000000000
PRO000861,25,10,24,278.19,354.00,306.39119999999997,19.745503986140438,75.81,0.06444540178092725,0.880000000000000000000
PRO000862,4,3,3,158.26,179.01,163.4525,10.371667737961516,20.75,0.06345371124921012,1.000000000000000000000
PRO000863,65,16,61,250.82,356.74,315.22415384615397,22.806482075572816,105.92,0.0723500461411456,0.830769230769230769230
PRO000864,17,10,16,133.11,165.39,148.61,9.641377624592614,32.28,0.06487704477890191,0.764705882352941176470
PRO000865,5,2,5,168.62,221.18,190.394,19.957947790291296,52.56,0.10482445765250636,1.000000000000000000000
PRO000866,2,2,2,190.22,211.39,200.805,14.969450557719039,21.17,0.07454720030735808,1.000000000000000000000
PRO000868,4,3,4,201.56,223.56,214.41750000000002,10.255627317071886,22.00,0.04783017858650476,0.750000000000000000000
PRO000870,2,1,2,192.95,193.94,193.445,0.7000357133697264,0.99,0.0036187842196475813,1.000000000000000000000
PRO000871,23,11,23,297.31,356.33,325.4191304347826,19.274540889013196,59.02,0.05922989488436365,0.826086956521739130434
PRO000872,2,2,2,158.09,167.71,162.9,6.80236723501401,9.62,0.04175793268885212,1.000000000000000000000
PRO000873,12,6,11,261.50,326.48,279.34000000000003,19.541174711129116,64.98,0.06995480314716515,0.916666666666666666666
PRO000874,7,3,7,158.53,193.75,175.40285714285716,13.532252478536126,35.22,0.07714955559426698,1.000000000000000000000
PRO000875,3,2,3,294.57,329.34,313.4066666666667,17.565882651700786,34.77,0.05604820994565352,1.000000000000000000000
PRO000877,1,1,1,312.03,312.03,312.03,,0.00,,1.000000000000000000000
PRO000878,6,3,5,176.84,197.73,185.35999999999999,7.9150060012623005,20.89,0.042700722924375815,0.500000000000000000000
PRO000879,17,5,17,149.69,197.37,171.83411764705883,14.411637250336328,47.68,0.08386947509421452,0.941176470588235294117
PRO000880,6,4,6,136.48,171.16,152.50666666666666,14.099491716606897,34.68,0.09245164178575951,1.000000000000000000000
PRO000881,5,3,5,267.98,309.04,287.58000000000004,15.095663284533666,41.06,0.052492048419687264,0.800000000000000000000
PRO000882,4,2,2,177.95,197.56,182.85250000000002,9.804999999999144,19.61,0.05362245525764834,1.000000000000000000000
PRO000883,5,5,5,138.31,169.47,152.552,14.798765826919475,31.16,0.09700800924877731,1.000000000000000000000
PRO000884,8,5,7,170.05,193.99,182.19375,7.249078636035695,23.94,0.03978774593549831,0.625000000000000000000
PRO000885,3,3,3,88.18,93.66,91.46,2.895237468671683,5.48,0.03165577813986096,1.000000000000000000000
PRO000887,2,2,2,39.44,41.04,40.239999999999995,1.1313708498985644,1.60,0.028115577780779437,1.000000000000000000000
PRO000888,38,12,36,37.53,48.77,41.96421052631579,2.8160684032490586,11.24,0.06710643112142191,0.842105263157894736842
PRO000889,11,7,11,140.95,188.49,161.23,12.795164711718597,47.54,0.07935970174110647,0.727272727272727272727
PRO000890,2,2,2,318.46,336.77,327.615,12.947125163524536,18.31,0.03951932958968465,1.000000000000000000000
PRO000891,3,2,3,270.55,291.98,277.99,12.123864895320624,21.43,0.04361259360164259,1.000000000000000000000
PRO000892,2,1,2,228.29,231.43,229.86,2.220315292922047,3.14,0.009659424401470664,0.500000000000000000000
PRO000893,2,1,2,227.37,247.33,237.35000000000002,14.11385135248267,19.96,0.05946429893609719,1.000000000000000000000
PRO000894,10,7,10,156.40,177.68,170.90300000000002,6.839306413826605,21.28,0.0400186445751485,0.800000000000000000000
PRO000895,3,2,2,117.32,134.05,128.47333333333333,9.659070003542546,16.73,0.07518346222465787,1.000000000000000000000
PRO000896,2,1,2,155.78,156.30,156.04000000000002,0.36769552620301066,0.52,0.002356418394020832,1.000000000000000000000
PRO000897,6,4,6,343.29,396.60,374.66166666666663,19.851818472540398,53.31,0.05298598772903659,1.000000000000000000000
PRO000898,2,1,2,183.31,202.92,193.115,13.866363979067687,19.61,0.0718036609225989,0.500000000000000000000
PRO000899,1,1,1,208.18,208.18,208.18,,0.00,,1.000000000000000000000
PRO000900,6,5,6,109.62,122.58,117.01166666666666,5.004147946120933,12.96,0.04276623082701953,0.500000000000000000000
PRO000901,2,2,2,165.89,168.76,167.325,2.0293964620058245,2.87,0.01212847131035903,0.500000000000000000000
PRO000902,12,6,12,98.61,123.03,110.3525,7.317217708938219,24.42,0.06630767503172305,0.833333333333333333333
PRO000903,7,2,7,156.16,190.90,175.26,17.364466591289357,34.74,0.09907832130143421,1.000000000000000000000
PRO000904,3,3,3,170.06,195.97,182.09333333333333,13.052985609941752,25.91,0.07168294067113065,1.000000000000000000000
PRO000905,5,4,4,219.32,259.80,236.63599999999997,17.484864311742104,40.48,0.0738892827454069,0.200000000000000000000
PRO000906,29,12,26,161.70,210.56,185.75724137931024,15.480316279658409,48.86,0.08333627354019597,0.793103448275862068965
PRO000907,3,3,3,30.30,33.26,31.94333333333333,1.5067957171870903,2.96,0.04717089796056841,1.000000000000000000000
PRO000908,19,9,17,138.62,166.77,153.3236842105263,7.661180073393718,28.15,0.0499673622691865,0.894736842105263157894
PRO000909,34,9,28,135.94,176.77,152.82088235294114,11.029012254916175,40.83,0.07216953655224013,0.852941176470588235294
PRO000911,1,1,1,168.35,168.35,168.35,,0.00,,0E-21
PRO000912,4,3,4,186.97,216.48,200.3175,12.39128020020533,29.51,0.06185820110676965,0.750000000000000000000
PRO000916,7,6,7,184.75,225.87,197.09285714285713,15.117380410513983,41.12,0.07670181776073488,1.000000000000000000000
PRO000917,2,1,2,70.40,72.08,71.24000000000001,1.187939392392829,1.68,0.016675173952734823,1.000000000000000000000
PRO000918,6,5,6,234.43,276.98,262.585,16.154282094850156,42.55,0.06152020143896322,1.000000000000000000000
PRO000919,5,2,5,271.17,309.40,289.11800000000005,18.190286418854733,38.23,0.06291647845811997,0.800000000000000000000
PRO000920,46,16,41,225.58,303.33,262.705652173913,18.10360119511867,77.75,0.06891211150315853,0.891304347826086956521
PRO000922,17,8,17,148.36,178.15,160.55411764705883,8.880960012030727,29.79,0.0553144331779361,0.764705882352941176470
PRO000923,8,4,8,281.45,339.93,312.97625,19.94664593179951,58.48,0.06373213920161516,0.625000000000000000000
PRO000924,20,5,18,147.91,190.87,166.98549999999997,11.394612519681878,42.96,0.06823713747410332,0.900000000000000000000
PRO000925,23,13,22,104.53,130.35,116.7817391304348,6.865432948125665,25.82,0.058788582866175575,0.869565217391304347826
PRO000926,7,5,7,139.83,176.74,161.96714285714285,12.514568462776868,36.91,0.0772660938633392,0.857142857142857142857
PRO000927,9,6,9,91.80,102.65,97.56777777777779,4.145680817964834,10.85,0.04249026586838039,1.000000000000000000000
PRO000928,3,2,3,183.75,205.77,193.78333333333333,11.139198056113937,22.02,0.05748274562370657,0.666666666666666666666
PRO000929,4,4,4,174.49,227.64,199.11,23.274863408120403,53.15,0.11689449755472052,1.000000000000000000000
PRO000930,2,2,2,195.21,201.47,198.34,4.426488450228056,6.26,0.02231767898673014,1.000000000000000000000
PRO000932,3,3,3,233.79,287.63,254.49666666666667,28.99142861835757,53.84,0.11391673218388285,0.666666666666666666666
PRO000934,2,1,2,186.23,200.79,193.51,10.295474734075817,14.56,0.053203838220638816,1.000000000000000000000
PRO000935,6,4,6,167.37,189.97,175.26,8.169915544239393,22.60,0.046615973663353835,0.666666666666666666666
PRO000936,5,2,3,117.13,123.85,122.46599999999998,2.9833337057730667,6.72,0.024360505820171043,1.000000000000000000000
PRO000937,3,2,3,167.90,203.89,185.46333333333334,18.010525626236756,35.99,0.09711097769318332,1.000000000000000000000
PRO000939,27,3,26,139.85,169.80,152.0037037037037,9.278685727618527,29.95,0.06104249765982803,0.888888888888888888888
PRO000940,7,4,7,141.71,172.77,151.21857142857144,11.132843944191183,31.06,0.07362087764100997,0.857142857142857142857
PRO000941,4,3,4,143.43,169.43,162.5925,12.789475816727897,26.00,0.07865969104803663,1.000000000000000000000
PRO000942,15,5,11,170.77,201.53,184.43066666666667,9.044957132226008,30.76,0.049042587633072635,0.933333333333333333333
PRO000943,3,3,3,249.41,310.88,284.65000000000003,31.710018921470134,61.47,0.11140003134189401,0.666666666666666666666
PRO000944,3,2,3,329.20,334.82,331.18666666666667,3.1511479389823145,5.62,0.009514718604761609,1.000000000000000000000
PRO000945,22,7,20,81.78,100.70,88.79681818181818,5.204557880096367,18.92,0.0586119861799512,0.681818181818181818181
PRO000946,3,2,3,197.01,240.17,224.51999999999998,23.89960459923994,43.16,0.10644755299857447,0.333333333333333333333
PRO000947,5,4,5,287.13,328.15,312.41600000000005,17.04784825131817,41.02,0.05456778222407997,1.000000000000000000000
PRO000948,21,11,18,213.33,265.14,240.77000000000004,14.429722450551786,51.81,0.059931563112313756,0.904761904761904761904
PRO000952,7,6,6,143.85,161.62,152.85999999999999,7.4234021849822245,17.77,0.04856340563248872,1.000000000000000000000
PRO000953,1,1,1,179.56,179.56,179.56,,0.00,,0E-21
PRO000954,9,7,9,82.98,100.48,91.54666666666667,6.108715085842497,17.50,0.06672788107168472,0.777777777777777777777
PRO000956,25,7,25,170.50,215.91,191.1952,15.574813300111774,45.41,0.08146027358485869,0.880000000000000000000
PRO000958,3,2,3,36.41,42.62,39.623333333333335,3.1106644520637596,6.21,0.07850587495744324,0.666666666666666666666
PRO000959,3,3,3,121.64,158.49,143.09,19.155482243994868,36.85,0.13387016733520768,1.000000000000000000000
PRO000960,10,5,10,94.14,117.88,102.787,7.275349628864712,23.74,0.07078083443299941,0.900000000000000000000
PRO000961,5,4,5,38.59,45.86,42.434,3.0363843630213396,7.27,0.07155545937270442,1.000000000000000000000
PRO000962,4,3,4,131.61,153.59,143.4625,11.174737506238415,21.98,0.0778930905723685,1.000000000000000000000
PRO000963,29,12,26,168.42,216.84,196.29310344827584,11.569386668350282,48.42,0.05893934358931194,0.724137931034482758620
PRO000964,2,2,2,103.48,109.67,106.575,4.376990975544937,6.19,0.04106958456997361,1.000000000000000000000
PRO000965,1,1,1,163.26,163.26,163.26,,0.00,,1.000000000000000000000
PRO000969,6,5,6,161.42,176.01,167.76166666666668,4.702992309866428,14.59,0.02803377197730765,0.666666666666666666666
PRO000970,9,5,9,283.97,346.47,315.7044444444444,20.245973124989845,62.50,0.06412951569502721,0.888888888888888888888
PRO000971,2,2,2,366.08,366.73,366.405,0.4596194078269789,0.65,0.001254402663246896,1.000000000000000000000
PRO000972,13,6,13,137.30,156.67,148.01846153846154,6.630623206197545,19.37,0.044795920301297185,0.923076923076923076923
PRO000973,16,9,15,253.87,344.94,287.214375,29.18312137035098,91.07,0.10160745391086703,0.812500000000000000000
PRO000974,1,1,1,335.75,335.75,335.75,,0.00,,1.000000000000000000000
PRO000975,8,4,8,276.46,343.45,300.59499999999997,24.20192967513148,66.99,0.08051341397937918,0.875000000000000000000
PRO000976,2,1,2,225.05,234.13,229.59,6.420529573173313,9.08,0.027965196973619554,1.000000000000000000000
PRO000977,24,10,23,175.30,230.64,204.07083333333335,17.174118271567387,55.34,0.08415763287208634,0.791666666666666666666
PRO000978,18,9,17,180.87,233.61,209.60333333333335,13.81294192798475,52.74,0.06590039246187918,0.833333333333333333333
PRO000979,2,2,2,208.88,231.26,220.07,15.825049762954796,22.38,0.07190916418846184,1.000000000000000000000
PRO000981,3,3,3,214.76,223.82,218.75333333333333,4.6243846437466765,9.06,0.02113972195660261,1.000000000000000000000
PRO000982,3,2,3,165.72,172.99,169.5533333333333,3.6511961510356956,7.27,0.02153420448454191,1.000000000000000000000
PRO000983,2,2,2,133.86,135.13,134.495,0.8980256121089636,1.27,0.0066770185665561066,1.000000000000000000000
PRO000984,1,1,1,64.98,64.98,64.98,,0.00,,1.000000000000000000000
PRO000985,3,2,3,288.95,346.51,317.25333333333333,28.791839700396302,57.56,0.09075346631628657,1.000000000000000000000
PRO000986,6,4,6,312.24,379.89,342.9483333333333,22.142180034194375,67.65,0.06456418615299984,0.833333333333333333333
PRO000987,6,3,5,111.93,132.23,120.97166666666665,9.24848185740058,20.30,0.07645163625697958,0.833333333333333333333
PRO000988,22,8,21,186.66,241.13,206.7077272727273,15.466727708772048,54.47,0.07482413895618649,0.954545454545454545454
PRO000989,2,1,2,194.33,195.08,194.705,0.5303300858899106,0.75,0.0027237620291718783,1.000000000000000000000
PRO000990,6,6,6,236.86,300.84,263.66333333333336,26.52589879093026,63.98,0.1006051863775658,0.833333333333333333333
PRO000991,18,11,16,69.17,105.76,89.74222222222222,8.959402918364301,36.59,0.09983486809785894,0.944444444444444444444
PRO000993,4,3,3,318.35,345.15,329.0525,13.119782455005948,26.80,0.039871395765131545,0.750000000000000000000
PRO000994,7,3,7,185.40,220.95,199.02428571428572,11.987839473319948,35.55,0.060233048596538566,0.714285714285714285714
PRO000995,18,8,17,138.30,176.78,158.01055555555558,12.239575863576976,38.48,0.07746049509504833,0.888888888888888888888
PRO000996,6,4,6,160.58,182.54,170.18833333333333,7.756693668481984,21.96,0.045577117517742016,1.000000000000000000000
PRO000997,4,2,4,41.66,44.32,43.0025,1.0976452067951679,2.66,0.025525148695893677,1.000000000000000000000
PRO000998,12,5,12,90.75,113.91,99.0125,7.160328998281717,23.16,0.07231742455025089,0.916666666666666666666
PRO000999,10,6,9,244.40,312.41,272.10200000000003,18.865161188461776,68.01,0.06933121104755487,0.600000000000000000000
PRO001000,1,1,1,185.95,185.95,185.95,,0.00,,1.000000000000000000000
PRO001001,17,9,16,267.99,348.40,310.3582352941176,24.42158400761925,80.41,0.07868837114786277,0.882352941176470588235
PRO001002,3,3,3,196.31,220.43,206.23666666666668,12.613363283967292,24.12,0.06115965452619462,0.666666666666666666666
PRO001003,10,6,10,30.33,36.66,33.71,2.279127513374839,6.33,0.06760983427394954,0.900000000000000000000
PRO001004,3,2,2,152.76,153.90,153.14,0.6581793068813115,1.14,0.004297892822785109,1.000000000000000000000
PRO001005,9,7,9,227.86,258.50,237.64333333333332,10.238093084163847,30.64,0.043081760134222914,0.777777777777777777777
PRO001006,1,1,1,243.04,243.04,243.04,,0.00,,1.000000000000000000000
PRO001007,6,5,6,273.20,330.24,305.415,21.79884652911749,57.04,0.07137451182527868,0.833333333333333333333
PRO001008,4,1,3,215.17,231.53,222.42,6.764722216520604,16.36,0.030414181352938604,0.500000000000000000000
PRO001009,2,2,2,262.75,300.64,281.695,26.79227593915889,37.89,0.09511093892031769,1.000000000000000000000
PRO001010,10,3,8,341.91,372.02,353.053,12.167513258217788,30.11,0.03446370164881134,0.700000000000000000000
PRO001011,95,19,86,142.18,199.93,167.65684210526308,12.98581413100622,57.75,0.077454722204854,0.852631578947368421052
PRO001013,10,7,8,114.74,140.03,124.79599999999998,7.648741653951485,25.29,0.06128995844379216,0.600000000000000000000
PRO001014,3,3,3,130.88,147.71,140.03666666666666,8.512486906499793,16.83,0.06078755735283469,1.000000000000000000000
PRO001015,3,2,3,318.05,329.60,325.38000000000005,6.372181729988264,11.55,0.019583815016252577,1.000000000000000000000
PRO001016,35,7,27,137.45,169.03,150.21,8.708483355495312,31.58,0.05797539015708217,0.771428571428571428571
PRO001017,1,1,1,312.32,312.32,312.32,,0.00,,0E-21
PRO001018,3,2,2,269.25,345.10,294.53333333333336,43.792017918033075,75.85,0.14868272267326757,1.000000000000000000000
PRO001019,3,1,3,174.59,210.61,191.01666666666665,18.21759954915434,36.02,0.09537178020672371,1.000000000000000000000
PRO001021,3,3,3,261.78,276.74,269.05333333333334,7.488560164233701,14.96,0.027832995307870933,1.000000000000000000000
PRO001023,4,3,4,238.46,257.28,250.265,8.347237067836964,18.82,0.03335359346227784,1.000000000000000000000
PRO001024,3,3,3,158.24,181.35,169.39666666666668,11.575579179173783,23.11,0.06833416150951681,0.333333333333333333333
PRO001025,9,4,8,171.40,192.40,180.75222222222223,7.640361211647555,21.00,0.04226980513829736,0.888888888888888888888
PRO001026,8,6,7,213.46,244.54,227.1775,12.08289316111221,31.08,0.053187015268291137,0.875000000000000000000
PRO001027,9,7,9,242.10,285.63,265.8122222222222,14.407743384876232,43.53,0.05420271221701456,1.000000000000000000000
PRO001028,5,2,5,154.93,171.88,163.01,8.067183523386879,16.95,0.04948888732830427,0.800000000000000000000
PRO001029,7,6,7,121.85,151.66,139.69571428571427,10.912888186517328,29.81,0.07811899056686605,1.000000000000000000000
PRO001032,19,10,18,206.54,246.89,226.65315789473684,9.146511206546142,40.35,0.040354660360805567,0.894736842105263157894
PRO001033,7,3,5,93.23,102.36,98.52714285714286,3.753299500819962,9.13,0.03809406618298037,0.714285714285714285714
PRO001034,1,1,1,299.29,299.29,299.29,,0.00,,0E-21
PRO001035,1,1,1,98.54,98.54,98.54,,0.00,,1.000000000000000000000
PRO001036,1,1,1,325.65,325.65,325.65,,0.00,,1.000000000000000000000
PRO001037,4,3,4,68.47,79.71,75.19749999999999,4.83235880980181,11.24,0.06426222693310031,1.000000000000000000000
PRO001038,11,6,11,33.85,41.97,38.26,2.610252861314371,8.12,0.06822406851318273,0.818181818181818181818
PRO001039,6,6,6,152.64,191.13,171.20333333333335,14.294406831577831,38.49,0.0834937413499221,0.666666666666666666666
PRO001040,12,7,10,133.78,165.63,148.54083333333332,8.88403722551014,31.85,0.05980872078167153,0.750000000000000000000
PRO001041,5,3,4,215.94,234.77,227.75,8.053486822488875,18.83,0.035361083743090556,0.600000000000000000000
PRO001044,43,12,36,142.47,185.65,161.1383720930232,10.611003482512324,43.18,0.06585025866084039,0.767441860465116279069
PRO001046,7,5,7,194.13,236.12,205.9,14.255539274260762,41.99,0.06923525631015426,0.714285714285714285714
PRO001047,33,11,30,182.38,242.00,200.89181818181817,14.552131599560324,59.62,0.0724376519226375,0.787878787878787878787
PRO001048,7,3,6,33.59,41.31,38.78857142857142,3.2041505820390435,7.72,0.0826055320944067,0.857142857142857142857
PRO001049,166,15,125,261.52,339.66,300.12024096385545,18.317253861658592,78.14,0.06103305062941291,0.813253012048192771084
PRO001050,11,6,10,345.61,438.16,378.669090909091,24.668646681382235,92.55,0.06514565691685821,0.909090909090909090909
PRO001051,10,7,10,163.93,199.79,186.89499999999998,13.901151231303366,35.86,0.07437947099335653,0.900000000000000000000
PRO001052,4,3,4,136.66,157.04,149.0375,9.848811688049842,20.38,0.06608277573127463,1.000000000000000000000
PRO001054,12,6,11,37.54,46.62,42.685833333333335,3.071423887542918,9.08,0.07195417420009569,0.833333333333333333333
PRO001055,6,5,6,237.87,272.12,256.14000000000004,12.105177404730158,34.25,0.04726000392258201,0.833333333333333333333
PRO001056,2,2,2,269.04,274.13,271.58500000000004,3.5991735162355227,5.09,0.013252475343761703,1.000000000000000000000
PRO001058,1,1,1,206.30,206.30,206.3,,0.00,,1.000000000000000000000
PRO001060,3,3,3,167.21,199.19,186.49333333333334,16.976991292138106,31.98,0.09103269799888167,1.000000000000000000000
PRO001061,18,10,16,286.15,331.16,310.45833333333326,15.94558993061501,45.01,0.05136144924637771,0.722222222222222222222
PRO001062,7,5,7,159.52,181.46,171.46857142857144,8.857250191361782,21.94,0.05165523989363521,0.857142857142857142857
PRO001064,2,2,2,263.50,306.32,284.90999999999997,30.27831237040833,42.82,0.10627325250222293,1.000000000000000000000
PRO001065,8,5,7,232.65,280.95,257.85625,17.049315811576,48.30,0.06611945923969655,1.000000000000000000000
PRO001066,14,8,13,283.98,339.74,319.2057142857143,19.794630862660995,55.76,0.06201214444721136,0.857142857142857142857
PRO001068,3,2,3,265.02,302.94,285.2833333333333,19.093916134030177,37.92,0.06692965870431797,0.666666666666666666666
PRO001069,1,1,1,223.53,223.53,223.53,,0.00,,1.000000000000000000000
PRO001070,12,7,11,232.19,279.36,250.48416666666665,13.880656559225233,47.17,0.05541530526237613,1.000000000000000000000
PRO001071,1,1,1,235.83,235.83,235.83,,0.00,,1.000000000000000000000
PRO001072,3,3,3,243.78,299.38,280.03666666666663,31.422692967556955,55.60,0.11220920939242585,1.000000000000000000000
PRO001075,48,7,30,146.33,181.55,157.30083333333334,7.937688133694835,35.22,0.050461831418745405,0.854166666666666666666
PRO001076,22,9,21,365.85,448.23,406.215,25.409612307532008,82.38,0.06255212709410536,0.772727272727272727272
PRO001077,3,3,3,213.94,235.51,222.18999999999997,11.644522317382151,21.57,0.05240794958090892,1.000000000000000000000
PRO001078,1,1,1,98.88,98.88,98.88,,0.00,,1.000000000000000000000
PRO001079,4,2,3,348.48,371.75,355.26,11.14213923206296,23.27,0.0313633373643612,1.000000000000000000000
PRO001080,6,4,5,110.59,140.27,123.19500000000001,13.447560001725082,29.68,0.10915670280226536,0.666666666666666666666
PRO001081,6,3,6,194.02,231.30,206.17499999999998,13.42840534091842,37.28,0.06513110387252781,1.000000000000000000000
PRO001083,6,4,6,115.34,143.88,128.40666666666667,11.497280837949155,28.54,0.0895380367422446,0.833333333333333333333
PRO001084,4,1,4,243.30,288.52,270.0525,21.92354499162896,45.22,0.08118252929200419,1.000000000000000000000
PRO001085,14,7,13,294.97,388.13,332.8828571428571,23.909826891428022,93.16,0.07182654912495866,0.857142857142857142857
PRO001086,3,3,3,75.53,81.67,79.29333333333334,3.2965183653870174,6.14,0.041573714041369815,0.666666666666666666666
PRO001087,2,2,2,383.72,410.60,397.16,19.00703027829445,26.88,0.04785736297284331,0.500000000000000000000
PRO001088,28,12,24,122.08,143.41,133.03142857142853,5.932706405260125,21.33,0.0445962767518104,0.857142857142857142857
PRO001089,3,2,3,166.06,187.78,177.16,10.86795288911352,21.72,0.06134541030206322,1.000000000000000000000
PRO001090,11,6,11,175.55,223.77,195.5772727272727,13.398691795029219,48.22,0.06850842947234129,0.909090909090909090909
PRO001091,5,3,5,184.43,214.44,193.166,13.13431307682332,30.01,0.0679949529255838,0.800000000000000000000
PRO001092,1,1,1,177.35,177.35,177.35,,0.00,,1.000000000000000000000
PRO001093,3,1,3,231.20,250.33,239.51,9.808888825958164,19.13,0.040953984493165896,1.000000000000000000000
PRO001094,1,1,1,144.09,144.09,144.09,,0.00,,1.000000000000000000000
PRO001095,10,6,9,152.66,179.77,168.76999999999998,7.969489039804242,27.11,0.0472210051537847,1.000000000000000000000
PRO001096,30,11,25,19.15,26.52,23.133333333333333,1.7759044967591056,7.37,0.0767682059117769,0.900000000000000000000
PRO001097,5,3,4,58.85,70.04,64.97600000000001,5.37901756829247,11.19,0.08278468308748567,1.000000000000000000000
PRO001099,3,3,3,184.16,212.44,193.95333333333335,16.019367444856332,28.28,0.082593926949041,0.666666666666666666666
PRO001100,4,3,4,196.06,206.78,203.14499999999998,4.879976092838767,10.72,0.02402213243170527,1.000000000000000000000
PRO001101,4,2,4,298.96,349.90,328.3025,21.86649548967523,50.94,0.0666047181781291,1.000000000000000000000
PRO001102,4,3,4,29.60,33.86,31.970000000000002,1.941150861387782,4.26,0.06071788743784116,0.750000000000000000000
PRO001103,2,2,2,91.88,97.67,94.775,4.094148263069366,5.79,0.043198610003369727,1.000000000000000000000
PRO001104,7,6,7,156.31,178.63,166.73999999999998,6.8548182567695894,22.32,0.041110820779474574,0.857142857142857142857
PRO001105,7,2,7,137.35,164.43,150.29,10.905466519135889,27.08,0.07256282200502953,0.857142857142857142857
PRO001106,3,3,3,89.55,104.57,96.24333333333334,7.642050335697141,15.02,0.07940342537003922,0.666666666666666666666
PRO001107,5,4,4,92.56,112.34,103.41199999999999,8.76772889635652,19.78,0.08478444374305226,0.600000000000000000000
PRO001108,1,1,1,210.33,210.33,210.33,,0.00,,1.000000000000000000000
PRO001109,2,1,2,295.14,306.66,300.9,8.145870119270255,11.52,0.02707168534154289,1.000000000000000000000
PRO001110,1,1,1,179.17,179.17,179.17,,0.00,,1.000000000000000000000
PRO001111,7,3,7,264.14,330.70,289.3157142857143,21.528114065985363,66.56,0.07441045544012598,0.857142857142857142857
PRO001112,5,4,5,214.72,275.55,238.23600000000002,25.428329280548144,60.83,0.10673588072561721,0.800000000000000000000
PRO001113,3,1,3,42.53,43.20,42.94333333333333,0.36143233576164324,0.67,0.008416494661840641,1.000000000000000000000
PRO001114,7,3,5,184.73,204.50,193.28142857142856,9.32347472525013,19.77,0.0482378198162198,0.714285714285714285714
PRO001115,1,1,1,113.02,113.02,113.02,,0.00,,1.000000000000000000000
PRO001116,4,4,4,63.81,73.26,67.5875,4.560463244013599,9.45,0.0674749509008855,0.750000000000000000000
PRO001117,6,5,6,116.87,141.48,128.98999999999998,9.328661211556623,24.61,0.07232080945466024,0.833333333333333333333
PRO001118,7,4,7,100.10,120.40,109.95428571428572,6.945213836743537,20.30,0.06316455781260363,0.857142857142857142857
PRO001119,8,6,8,106.31,141.99,123.52625,13.514754833672901,35.68,0.10940795850009938,1.000000000000000000000
PRO001120,4,4,4,22.63,26.87,24.9825,1.7546390891956243,4.24,0.0702347278773391,1.000000000000000000000
PRO001122,8,4,8,95.77,106.86,101.18124999999998,4.505588395062204,11.09,0.04452987480449396,0.750000000000000000000
PRO001123,14,5,14,238.61,296.01,261.1657142857143,16.93158664666797,57.40,0.0648308170656156,0.857142857142857142857
PRO001124,10,7,10,52.42,65.97,57.70700000000001,3.6844539773365064,13.55,0.0638476090827197,1.000000000000000000000
PRO001125,9,7,8,142.42,189.02,162.07444444444445,14.523836537835638,46.60,0.08961213217555769,1.000000000000000000000
PRO001126,3,2,3,147.87,187.84,170.10333333333332,20.36087506305499,39.97,0.1196970962535811,0.666666666666666666666
PRO001127,26,11,20,98.57,127.55,112.10423076923075,8.20321165060489,28.98,0.07317486230730576,0.884615384615384615384
PRO001128,5,4,5,217.14,240.82,228.85,9.245517832982179,23.68,0.04039990313734839,1.000000000000000000000
PRO001129,7,4,6,157.23,188.06,169.78285714285713,9.388886540809885,30.83,0.05529937885843195,1.000000000000000000000
PRO001130,3,1,2,124.22,124.81,124.61333333333334,0.34063665881439187,0.59,0.0027335490489064185,1.000000000000000000000
PRO001131,2,1,2,94.99,97.79,96.39,1.9798989873218922,2.80,0.020540501995247352,1.000000000000000000000
PRO001132,17,8,17,168.24,228.14,194.43294117647056,16.233290164314955,59.90,0.08349043153948564,0.705882352941176470588
PRO001133,7,5,7,162.10,197.03,181.4928571428571,12.639188679508036,34.93,0.0696401438518291,0.714285714285714285714
PRO001134,7,4,7,106.60,126.72,114.9357142857143,8.53643340266246,20.12,0.07427137383461216,1.000000000000000000000
PRO001135,25,12,23,74.11,92.04,84.15439999999998,5.317128830487637,17.93,0.06318301634243294,0.680000000000000000000
PRO001136,6,4,6,36.45,44.07,39.928333333333335,2.616344141481904,7.62,0.06552600429474235,1.000000000000000000000
PRO001137,7,4,6,177.29,202.22,189.42285714285714,9.967762561186829,24.93,0.05262175173331609,0.571428571428571428571
PRO001138,2,2,2,19.37,20.17,19.770000000000003,0.5656854249490813,0.80,0.028613324478962122,1.000000000000000000000
PRO001140,5,2,5,50.57,60.06,56.74399999999999,3.7574632400065062,9.49,0.06621780699292448,1.000000000000000000000
PRO001141,1,1,1,38.35,38.35,38.35,,0.00,,0E-21
PRO001142,6,4,6,54.38,60.93,56.73833333333334,2.521788386575333,6.55,0.044445936960467634,0.500000000000000000000
PRO001144,54,15,43,90.81,127.85,112.60962962962965,8.161997064851601,37.04,0.07248045386257118,0.833333333333333333333
PRO001145,5,4,5,79.54,86.59,83.604,3.3895619185968195,7.05,0.04054305916698746,1.000000000000000000000
PRO001146,2,2,2,81.90,85.05,83.475,2.22738636073769,3.15,0.026683274761757296,0.500000000000000000000
PRO001147,6,4,6,124.27,142.51,131.23833333333332,6.622275792103085,18.24,0.05045991993271594,0.833333333333333333333
PRO001148,16,6,14,115.56,133.82,127.98437499999999,5.326806383753978,18.26,0.041620755531712204,0.937500000000000000000
PRO001149,3,2,2,204.42,220.95,215.43999999999997,9.54359994970459,16.53,0.04429818023442532,0.333333333333333333333
PRO001150,15,7,12,23.36,28.38,25.947333333333333,1.8380092750686174,5.02,0.07083615304341939,0.733333333333333333333
PRO001151,21,6,18,96.65,117.49,107.05142857142859,6.988399162693793,20.84,0.06528076510469806,0.857142857142857142857
PRO001153,6,4,5,203.61,243.27,227.51166666666668,14.904456268735649,39.66,0.06551073396412922,1.000000000000000000000
PRO001154,43,13,39,251.89,317.02,278.72837209302327,16.399559362581403,65.13,0.05883706505883867,0.767441860465116279069
PRO001155,4,2,4,43.63,49.46,46.46,2.5996538231080337,5.83,0.055954666877056254,0.750000000000000000000
PRO001156,3,2,2,76.30,83.30,80.96666666666665,4.041451884327455,7.00,0.04991500886365734,1.000000000000000000000
PRO001157,8,5,8,195.91,248.28,232.1875,17.6536655440976,52.37,0.07603193774039343,1.000000000000000000000
PRO001159,3,2,3,81.10,89.69,84.43333333333334,4.60667269657075,8.59,0.0545598819175375,0.333333333333333333333
PRO001160,2,2,2,61.83,66.30,64.065,3.1607673119040487,4.47,0.04933688147824942,1.000000000000000000000
PRO001161,56,15,48,138.88,184.53,156.19625,11.407557712084873,45.65,0.07303349287889353,0.875000000000000000000
PRO001163,5,2,3,32.75,36.00,33.718,1.296155854826026,3.25,0.03844106574607111,1.000000000000000000000
PRO001164,1,1,1,25.13,25.13,25.13,,0.00,,1.000000000000000000000
PRO001165,5,3,4,44.33,56.53,47.83,5.277385716431969,12.20,0.11033631019092555,0.800000000000000000000
PRO001166,10,5,10,206.41,266.90,239.35600000000005,17.959784829198,60.49,0.07503377742441383,0.900000000000000000000
PRO001167,4,1,4,36.30,43.13,39.645,2.8013389655662078,6.83,0.0706605868474261,0.750000000000000000000
PRO001168,11,6,11,167.26,196.90,180.8190909090909,8.708469962680608,29.64,0.048161230757757224,0.909090909090909090909
PRO001169,3,2,3,119.31,121.05,120.12,0.8761849119908033,1.74,0.0072942466865701236,1.000000000000000000000
PRO001171,6,3,4,18.05,23.65,21.86,2.0899282284327345,5.60,0.09560513396307112,0.666666666666666666666
PRO001173,16,9,12,102.75,114.41,107.80187500000002,3.300299418233759,11.66,0.030614489944945377,1.000000000000000000000
PRO001174,1,1,1,14.25,14.25,14.25,,0.00,,1.000000000000000000000
PRO001175,16,8,16,178.24,236.85,212.65625,14.296489487516336,58.61,0.06722816511396366,0.812500000000000000000
PRO001176,16,9,15,127.76,166.16,144.17749999999998,12.624339190627127,38.40,0.08756109095127276,0.937500000000000000000
PRO001177,6,5,6,129.64,151.50,142.16333333333333,9.004586979238146,21.86,0.06333972880422623,0.666666666666666666666
PRO001178,3,3,3,57.85,62.67,59.919999999999995,2.480907092174425,4.82,0.0414036564114557,0.666666666666666666666
PRO001179,2,2,2,96.82,105.26,101.03999999999999,5.967981233214748,8.44,0.05906553081170574,1.000000000000000000000
PRO001180,2,1,2,153.62,160.23,156.925,4.673975823642312,6.61,0.029784775043124496,1.000000000000000000000
PRO001181,5,3,5,161.77,198.55,173.976,14.210315971153133,36.78,0.08167974876507755,1.000000000000000000000
PRO001182,2,2,2,117.55,139.42,128.48499999999999,15.464425304549813,21.87,0.12035977199322734,1.000000000000000000000
PRO001183,5,4,4,206.55,225.06,216.63600000000002,6.618805028099646,18.51,0.030552655274744944,1.000000000000000000000
PRO001184,12,10,12,179.38,218.12,199.75416666666663,11.810884393284612,38.74,0.05912709902564209,0.833333333333333333333
PRO001185,2,2,2,128.75,141.26,135.005,8.845905832643844,12.51,0.06552280161952405,1.000000000000000000000
PRO001186,10,6,10,244.20,306.60,271.184,18.83631492622661,62.40,0.06945953642628845,0.800000000000000000000
PRO001187,34,12,28,193.91,238.67,214.2023529411764,12.554016635717234,44.76,0.05860821070982717,0.735294117647058823529
PRO001188,31,9,30,84.30,113.53,98.20354838709677,8.115227886874981,29.23,0.08263680915975194,0.806451612903225806451
PRO001189,3,3,3,196.47,241.89,212.61333333333332,25.39896520201833,45.42,0.11946082968464662,1.000000000000000000000
PRO001190,4,3,4,92.14,106.81,98.655,6.947951736543118,14.67,0.07042675725044972,1.000000000000000000000
PRO001191,8,6,8,145.39,179.94,159.2575,13.132071700339441,34.55,0.08245810527189892,0.625000000000000000000
PRO001192,7,5,6,136.76,154.58,141.76857142857142,6.707752799488694,17.82,0.04731480843670858,0.571428571428571428571
PRO001193,6,4,5,194.02,238.96,220.76666666666668,19.323032543228287,44.94,0.08752694795362352,1.000000000000000000000
PRO001194,1,1,1,219.97,219.97,219.97,,0.00,,0E-21
PRO001195,52,14,34,76.77,95.31,88.0071153846154,4.989717794896028,18.54,0.05669675426912452,0.826923076923076923076
PRO001197,6,4,6,48.54,55.85,51.51,2.7119070780541596,7.31,0.05264816692009629,0.500000000000000000000
PRO001198,13,4,6,126.80,144.34,139.4146153846154,7.325351658663272,17.54,0.052543642131452135,0.846153846153846153846
PRO001199,7,6,7,161.99,186.59,170.80857142857144,10.215082686190573,24.60,0.059804274462082876,1.000000000000000000000
PRO001201,4,4,4,218.16,271.14,243.76749999999998,22.12627905907387,52.98,0.0907679615169121,1.000000000000000000000
PRO001202,12,6,12,201.41,239.24,222.04083333333335,14.532031991014815,37.83,0.06544756553493455,0.916666666666666666666
PRO001205,2,1,2,118.71,130.28,124.495,8.181225458328148,11.57,0.06571529345217196,1.000000000000000000000
PRO001208,3,3,3,37.04,43.49,39.76333333333333,3.340004990016227,6.45,0.08399710763725947,0.333333333333333333333
PRO001209,17,6,15,169.78,201.27,184.17117647058825,9.159129927531502,31.49,0.04973161437666222,0.882352941176470588235
PRO001211,4,3,3,89.51,90.79,89.8325,0.63835073953795,1.28,0.007106011071026076,0.750000000000000000000
PRO001212,3,3,3,95.00,103.07,98.21333333333332,4.278625168594883,8.07,0.043564605979448306,0.666666666666666666666
PRO001213,5,4,5,246.79,283.27,264.264,14.08525044150771,36.48,0.05329992144789949,1.000000000000000000000
PRO001217,74,16,66,216.80,273.04,247.14513513513512,14.716569567821157,56.24,0.059546264423834865,0.891891891891891891891
PRO001218,6,5,6,68.45,75.64,71.87833333333333,2.744408254372279,7.19,0.038181300638193416,0.833333333333333333333
PRO001219,3,3,3,180.15,202.31,190.44999999999996,11.162060741637912,22.16,0.05860887761427101,1.000000000000000000000
PRO001220,1,1,1,155.55,155.55,155.55,,0.00,,1.000000000000000000000
PRO001221,9,3,8,100.60,114.55,106.02666666666666,4.590106207921889,13.95,0.043291997685379995,0.666666666666666666666
PRO001222,21,9,20,114.44,137.96,125.90952380952383,7.0952543831707615,23.52,0.05635200712778865,0.904761904761904761904
PRO001223,2,1,2,207.18,225.40,216.29000000000002,12.883485553218573,18.22,0.05956579385648237,1.000000000000000000000
PRO001224,1,1,1,47.60,47.60,47.6,,0.00,,1.000000000000000000000
PRO001225,17,6,17,183.73,219.12,198.43823529411765,9.479931589477765,35.39,0.04777270658261483,0.823529411764705882352
PRO001226,17,8,14,91.26,113.87,100.68411764705881,7.149725570628285,22.61,0.0710114538192722,0.823529411764705882352
PRO001227,4,3,4,55.74,64.99,62.272499999999994,4.395553624592413,9.25,0.07058579027006164,1.000000000000000000000
PRO001228,2,2,2,171.74,181.63,176.685,6.993286065934796,9.89,0.03958053069550214,1.000000000000000000000
PRO001229,6,4,6,187.07,222.27,196.53666666666666,13.203087012765828,35.20,0.06717874703328892,1.000000000000000000000
PRO001230,10,7,10,168.81,213.94,183.238,13.236641735895114,45.13,0.07223742747626101,0.900000000000000000000
PRO001231,15,6,15,96.22,122.86,105.27933333333334,8.682156962633709,26.64,0.0824678185902302,0.866666666666666666666
PRO001232,15,8,15,74.88,97.15,84.02733333333335,7.127946475134251,22.27,0.08482890260075193,0.866666666666666666666
PRO001233,8,3,7,110.29,123.12,116.46375,3.86601285010031,12.83,0.03319498857026594,0.625000000000000000000
PRO001234,107,16,80,50.84,66.50,60.21439252336449,3.7945147047377006,15.66,0.06301673978136285,0.803738317757009345794
PRO001236,2,1,2,21.78,25.68,23.73,2.75771644662758,3.90,0.1162122396387518,1.000000000000000000000
PRO001237,9,4,9,44.16,49.51,47.02777777777778,1.766230292018725,5.35,0.03755717100571417,1.000000000000000000000
PRO001238,10,4,9,35.41,42.14,39.089,2.357477229771077,6.73,0.06031050243728612,0.800000000000000000000
PRO001239,5,3,5,14.15,17.05,15.331999999999999,1.10368473759496,2.90,0.07198569903436995,0.800000000000000000000
PRO001240,12,7,10,73.92,88.04,81.11583333333333,4.675700158232914,14.12,0.05764226250402713,0.666666666666666666666
PRO001241,5,3,5,100.07,107.17,102.62800000000001,3.322426823873568,7.10,0.03237349284672378,1.000000000000000000000
PRO001242,17,8,14,230.77,294.69,261.52058823529416,20.68473636240829,63.92,0.07909410307611388,1.000000000000000000000
PRO001243,13,5,10,196.73,250.31,216.91769230769233,17.35911823502092,53.58,0.08002629038851032,0.692307692307692307692
PRO001244,7,5,7,113.89,133.99,125.23142857142855,8.287433114001775,20.10,0.06617694302892067,0.714285714285714285714
PRO001245,5,4,5,91.66,103.51,97.13399999999999,4.6324054226720754,11.85,0.04769087469549361,0.800000000000000000000
PRO001246,4,2,3,117.09,123.93,118.84,3.394171474749213,6.84,0.028560850511184895,1.000000000000000000000
PRO001248,4,2,3,112.00,121.08,115.35249999999999,4.329675699941946,9.08,0.03753430311386356,1.000000000000000000000
PRO001249,19,6,17,119.68,147.06,130.42684210526315,8.002190708821844,27.38,0.06135386381864205,0.789473684210526315789
PRO001250,3,2,3,97.74,110.65,103.99666666666667,6.464134383916655,12.91,0.06215713052261279,0.666666666666666666666
PRO001252,4,2,3,111.38,126.11,120.6625,7.026508734784264,14.73,0.058232746170386526,1.000000000000000000000
PRO001253,25,14,23,176.26,229.36,199.7852,13.716350984622014,53.10,0.06865549092035854,0.920000000000000000000
PRO001254,6,2,6,25.11,28.90,27.11,1.4179844851055166,3.79,0.0523048500592223,0.666666666666666666666
PRO001255,11,6,10,121.04,146.24,131.64,7.527748667430861,25.20,0.0571843563311369,0.727272727272727272727
PRO001256,9,7,9,37.79,45.77,41.92888888888889,2.699293631880606,7.98,0.06437789560877001,0.888888888888888888888
PRO001257,2,2,2,207.55,211.61,209.58,2.870853531617979,4.06,0.013698127357658072,0.500000000000000000000
PRO001258,6,2,5,48.81,56.87,52.56666666666666,3.15863050492887,8.06,0.060088088235806025,0.666666666666666666666
PRO001259,14,6,11,28.71,39.39,36.449285714285715,2.934632631407075,10.68,0.08051276105684817,0.857142857142857142857
PRO001260,4,2,2,79.22,83.37,81.295,2.396003617136684,4.15,0.0294729518068354,1.000000000000000000000
PRO001261,1,1,1,45.94,45.94,45.94,,0.00,,1.000000000000000000000
PRO001262,3,3,3,44.97,49.73,47.48666666666666,2.3917427397890023,4.76,0.050366616730078674,1.000000000000000000000
PRO001263,1,1,1,126.96,126.96,126.96,,0.00,,1.000000000000000000000
PRO001264,14,10,12,27.05,33.36,30.544285714285714,2.0889883981182247,6.31,0.06839211817420875,1.000000000000000000000
PRO001265,4,2,4,124.30,137.63,129.345,5.802772325937488,13.33,0.04486274943706744,0.500000000000000000000
PRO001267,10,6,7,69.00,88.05,79.514,6.503626680552957,19.05,0.08179222125101186,0.800000000000000000000
PRO001268,14,8,14,188.03,218.42,200.4992857142857,8.481496116466197,30.39,0.04230187696804291,0.928571428571428571428
PRO001269,8,6,7,109.19,115.38,112.11375,2.0970723640353723,6.19,0.01870486326641801,1.000000000000000000000
PRO001270,4,4,4,78.81,86.91,83.7625,3.4987747855499594,8.10,0.04177018099447795,1.000000000000000000000
PRO001271,1,1,1,165.77,165.77,165.77,,0.00,,1.000000000000000000000
PRO001273,7,5,6,171.15,196.90,184.95142857142855,9.228893809790662,25.75,0.049899013384621944,1.000000000000000000000
PRO001274,3,1,2,107.47,115.50,110.14666666666666,4.636122661592908,8.03,0.04209044905210847,0.333333333333333333333
PRO001275,2,2,2,86.21,98.60,92.405,8.761053018901114,12.39,0.09481146062335495,1.000000000000000000000
PRO001276,3,2,3,52.79,59.66,55.806666666666665,3.5105887445460944,6.87,0.06290626110165023,0.666666666666666666666
PRO001277,16,9,15,235.72,276.58,253.77125,11.868063517973425,40.86,0.04676677723726949,0.875000000000000000000
PRO001278,25,9,17,142.47,179.39,160.67680000000001,8.603482686291953,36.92,0.05354527029597273,0.840000000000000000000
PRO001279,4,3,4,225.97,237.53,230.975,5.050264019501311,11.56,0.02186498114298652,1.000000000000000000000
PRO001281,13,6,11,222.23,270.33,249.84230769230768,15.339149886182957,48.10,0.06139532582717667,0.692307692307692307692
PRO001282,1,1,1,129.34,129.34,129.34,,0.00,,1.000000000000000000000
PRO001283,8,5,7,136.61,155.15,143.9225,6.672859207266097,18.54,0.04636425303386264,0.625000000000000000000
PRO001284,12,8,11,176.09,209.90,198.48666666666668,10.487198545528361,33.81,0.0528357834893781,1.000000000000000000000
PRO001285,8,2,7,35.80,45.14,40.11,4.0317312835625705,9.34,0.10051686072207855,0.750000000000000000000
PRO001286,9,7,9,150.70,184.70,163.09555555555556,10.943321149348346,34.00,0.0670976049106421,1.000000000000000000000
PRO001287,5,4,5,128.00,140.39,136.01399999999998,5.384044019136482,12.39,0.039584484090876546,0.800000000000000000000
PRO001289,11,4,10,167.79,199.38,184.71545454545452,9.744987802595869,31.59,0.05275675403867106,0.909090909090909090909
PRO001290,4,4,4,102.03,116.74,107.93,6.337628368193647,14.71,0.058719803281697826,1.000000000000000000000
PRO001293,3,3,3,203.03,213.39,206.50666666666666,5.961244277273604,10.36,0.028867079080289276,1.000000000000000000000
PRO001295,2,2,2,207.49,245.82,226.655,27.10340292288044,38.33,0.11957999127696473,1.000000000000000000000
PRO001296,2,1,2,110.85,112.61,111.72999999999999,1.2445079348885177,1.76,0.011138529802993985,1.000000000000000000000
PRO001297,2,2,2,212.81,237.90,225.35500000000002,17.741309139970156,25.09,0.07872605063109385,1.000000000000000000000
PRO001298,1,1,1,231.07,231.07,231.07,,0.00,,1.000000000000000000000
PRO001299,26,10,21,195.19,247.12,221.4061538461538,15.167293780216266,51.93,0.06850439121378445,0.730769230769230769230
PRO001300,5,3,5,186.83,230.45,204.224,17.238803032693482,43.62,0.0844112495724963,0.800000000000000000000
PRO001301,11,7,9,243.32,287.69,269.96636363636367,12.66034144304693,44.37,0.046895995754863806,0.727272727272727272727
PRO001302,9,7,8,186.77,223.16,202.16222222222223,12.173505840325962,36.39,0.060216521694862024,1.000000000000000000000
PRO001303,10,7,10,149.90,185.45,161.97,12.548401403277207,35.55,0.07747361488718409,0.900000000000000000000
PRO001304,5,3,5,43.24,48.72,45.708,2.5315449828118606,5.48,0.05538516195877878,0.800000000000000000000
PRO001305,10,6,10,70.87,91.79,82.442,7.181485145071943,20.92,0.08710954543887756,0.900000000000000000000
PRO001308,3,3,3,192.43,230.83,205.61333333333334,21.845842472501023,38.40,0.10624720740792275,0.666666666666666666666
PRO001309,9,5,9,105.65,126.55,117.15888888888887,8.200480846335413,20.90,0.06999452558919865,0.555555555555555555555
PRO001310,8,7,8,34.60,42.00,38.942499999999995,2.932062901293782,7.40,0.07529210762775329,1.000000000000000000000
PRO001311,7,5,7,215.43,258.14,237.31285714285713,15.579603882733187,42.71,0.06565006241256709,1.000000000000000000000
PRO001312,5,5,5,63.48,71.69,67.108,3.1619882985234047,8.21,0.04711790395367772,1.000000000000000000000
PRO001313,1,1,1,98.05,98.05,98.05,,0.00,,0E-21
PRO001314,18,5,18,113.34,138.14,126.97166666666665,6.397884990600025,24.80,0.05038828865179916,0.944444444444444444444
PRO001315,1,1,1,23.48,23.48,23.48,,0.00,,0E-21
PRO001316,17,9,17,173.47,232.46,204.99529411764706,17.836778407845514,58.99,0.08701067253577521,0.823529411764705882352
PRO001317,12,8,12,134.75,166.31,152.33083333333332,11.38745758066835,31.56,0.07475477768673458,0.916666666666666666666
PRO001318,28,9,25,69.82,84.17,75.9207142857143,4.740732814560047,14.35,0.06244320616793897,0.892857142857142857142
PRO001319,45,16,42,144.53,185.58,164.13222222222223,10.429261912542305,41.05,0.0635418309174045,0.866666666666666666666
PRO001320,13,7,13,190.65,252.26,222.76615384615388,19.726651827101243,61.61,0.08855318227886991,0.923076923076923076923
PRO001321,27,7,19,158.49,215.78,185.61518518518517,20.607989371259137,57.29,0.11102534176122977,0.814814814814814814814
PRO001322,8,5,7,16.25,18.64,17.4925,0.9360364767006877,2.39,0.05351073183939904,0.750000000000000000000
PRO001323,3,3,3,105.50,120.67,110.85333333333334,8.513121245074007,15.17,0.0767962585254451,1.000000000000000000000
PRO001325,6,4,5,205.36,216.41,209.00833333333333,4.559361431898304,11.05,0.021814256681463917,1.000000000000000000000
PRO001326,7,5,7,175.10,198.12,182.86285714285714,8.405519445153859,23.02,0.04596624802043453,0.857142857142857142857
PRO001328,9,7,9,184.07,240.52,210.76222222222222,21.83460715113632,56.45,0.10359829632140848,0.888888888888888888888
PRO001329,4,1,4,84.46,93.30,88.8775,4.3230882094478575,8.84,0.048640974481143795,0.750000000000000000000
PRO001330,2,1,2,75.04,75.27,75.155,0.16263455966542573,0.23,0.0021639885525304467,1.000000000000000000000
PRO001331,22,12,22,142.64,185.39,167.64363636363635,13.101422149433317,42.75,0.07815042928927514,0.863636363636363636363
PRO001332,8,4,6,54.77,62.89,58.57124999999999,3.5372646312411336,8.12,0.06039250709590685,1.000000000000000000000
PRO001333,32,12,29,61.36,80.19,69.53656249999999,5.539416884052391,18.83,0.07966193157811607,0.812500000000000000000
PRO001335,7,5,7,156.92,204.74,178.40571428571428,17.983238359782746,47.82,0.10079967691496046,1.000000000000000000000
PRO001336,17,7,17,139.76,194.17,171.5382352941176,15.731369232879361,54.41,0.09170765459902584,0.882352941176470588235
PRO001337,11,7,11,59.01,76.64,68.4109090909091,5.371823628052967,17.63,0.07852290956862626,0.818181818181818181818
PRO001340,4,2,4,86.16,95.43,89.14,4.3655392946729386,9.27,0.04897396561221605,0.750000000000000000000
PRO001342,33,11,32,86.27,122.05,102.91454545454548,9.15460816027527,35.78,0.08895349165506064,0.878787878787878787878
PRO001343,26,9,24,113.37,138.15,124.84423076923075,6.712856425145709,24.78,0.05376985691516766,0.884615384615384615384
PRO001345,2,2,2,205.82,229.61,217.715,16.822070324428143,23.79,0.07726647371301078,0.500000000000000000000
PRO001347,11,7,8,104.65,131.27,121.73181818181818,7.95400253731658,26.62,0.06534037407899808,0.818181818181818181818
PRO001348,15,8,14,148.01,183.90,164.98933333333338,11.752176981713445,35.89,0.07122991980317986,0.866666666666666666666
PRO001349,3,3,3,178.81,192.52,187.10333333333332,7.2936570616763925,13.71,0.038981972858187414,1.000000000000000000000
PRO001350,2,2,2,123.04,132.92,127.97999999999999,6.986214998123299,9.88,0.05458833410004141,1.000000000000000000000
PRO001351,169,16,97,10.61,15.11,13.283017751479289,0.9428400641613421,4.50,0.07098086306903723,0.923076923076923076923
PRO001352,74,20,64,34.05,49.94,41.52743243243242,3.8686747087630593,15.89,0.09315949679907663,0.851351351351351351351
PRO001353,6,4,6,55.20,70.04,64.14999999999999,5.667549735114925,14.84,0.08834839805323344,0.833333333333333333333
PRO001354,9,8,9,182.90,253.28,220.77444444444447,24.424257978038185,70.38,0.11062991479606821,1.000000000000000000000
PRO001355,8,5,8,177.72,222.08,202.46500000000003,15.284750570421217,44.36,0.07549329795481301,0.750000000000000000000
PRO001356,10,6,10,89.63,114.34,98.99,8.192824774018893,24.71,0.08276416581491963,1.000000000000000000000
PRO001357,7,3,6,62.49,65.52,64.39571428571428,1.12697023242061,3.03,0.017500702413524125,1.000000000000000000000
PRO001358,31,11,25,67.43,93.36,77.68225806451613,5.980569487753637,25.93,0.07698758554091843,0.935483870967741935483
PRO001359,9,6,9,89.36,111.00,98.04555555555557,6.775677292918867,21.64,0.06910743944002198,0.777777777777777777777
PRO001360,9,6,9,91.97,106.89,101.47333333333333,5.138275488916625,14.92,0.05063670740013756,0.777777777777777777777
PRO001361,1,1,1,168.68,168.68,168.68,,0.00,,0E-21
PRO001362,4,3,4,100.53,129.91,116.9075,12.846593257877062,29.38,0.10988681870604591,0.750000000000000000000
PRO001363,21,8,16,99.39,115.73,108.1895238095238,5.8603237762008575,16.34,0.05416720186807015,1.000000000000000000000
PRO001364,2,1,2,108.20,108.38,108.28999999999999,0.1272792206208271,0.18,0.0011753552555252296,1.000000000000000000000
PRO001365,1,1,1,124.44,124.44,124.44,,0.00,,1.000000000000000000000
PRO001366,4,3,4,201.33,246.28,220.60500000000002,22.552452194827893,44.95,0.10223001380217081,1.000000000000000000000
PRO001367,10,3,7,35.63,44.18,40.288,2.993726032147232,8.55,0.07430813225147022,0.900000000000000000000
PRO001368,4,3,4,199.50,233.56,220.8825,14.785344940176259,34.06,0.06693760230066328,1.000000000000000000000
PRO001369,1,1,1,174.85,174.85,174.85,,0.00,,1.000000000000000000000
PRO001370,22,10,17,91.70,109.93,104.33545454545455,5.148822081910466,18.23,0.049348729100205733,0.909090909090909090909
PRO001371,1,1,1,56.94,56.94,56.94,,0.00,,1.000000000000000000000
PRO001372,4,2,4,158.59,206.84,186.34500000000003,20.831787409309204,48.25,0.11179150183428158,1.000000000000000000000
PRO001373,6,4,6,27.57,31.29,29.263333333333332,1.2954638808809258,3.72,0.04426918376401387,0.833333333333333333333
PRO001374,27,9,23,203.01,243.52,223.19074074074075,12.619149954891522,40.51,0.05653975569510734,0.814814814814814814814
PRO001375,6,3,6,170.24,203.79,187.99,14.680480918553004,33.55,0.07809181828050962,0.833333333333333333333
PRO001376,2,1,2,148.45,154.17,151.31,4.044650788385125,5.72,0.02673088882681333,1.000000000000000000000
PRO001377,9,7,9,159.59,205.49,185.01444444444442,16.565575835985406,45.90,0.08953666231697746,0.777777777777777777777
PRO001379,10,5,8,162.66,207.32,191.746,13.662233589961168,44.66,0.07125172671117608,1.000000000000000000000
PRO001380,3,2,3,78.75,86.02,82.52,3.642512868886085,7.27,0.044140970296729094,1.000000000000000000000
PRO001381,16,7,16,104.12,121.11,111.31187500000001,3.9557876902075337,16.99,0.03553787671088582,0.875000000000000000000
PRO001382,7,5,7,65.48,74.76,69.82285714285716,3.8672199932495137,9.28,0.05538616080028355,0.857142857142857142857
PRO001383,10,4,10,152.45,175.41,167.201,7.308753427683168,22.96,0.04371237868005077,0.900000000000000000000
PRO001384,4,2,4,64.76,73.66,70.0525,3.9324409298381218,8.90,0.05613562584972873,1.000000000000000000000
PRO001385,16,8,15,90.80,123.84,106.75562499999998,11.121414159929149,33.04,0.10417637627927476,0.875000000000000000000
PRO001386,22,11,15,42.57,49.32,46.20545454545456,2.124590105616138,6.75,0.045981370089673616,0.909090909090909090909
PRO001387,5,3,4,20.46,23.39,22.160000000000004,1.1133507982661595,2.93,0.05024146201562091,1.000000000000000000000
PRO001388,9,5,8,85.33,97.62,91.54666666666668,3.935892529020467,12.29,0.04299329153459583,0.555555555555555555555
PRO001389,2,1,2,24.68,27.21,25.945,1.788980156401978,2.53,0.06895279076515622,0.500000000000000000000
PRO001390,2,2,2,171.87,184.40,178.135,8.860047968267825,12.53,0.04973782787362296,1.000000000000000000000
PRO001391,11,6,8,91.21,115.26,98.71818181818183,7.458486197857702,24.05,0.07555331814755936,0.454545454545454545454
PRO001392,4,3,4,212.72,235.67,221.665,10.342064590786427,22.95,0.046656281283858195,0.500000000000000000000
PRO001393,4,2,4,72.48,81.48,76.45,4.2357761980538235,9.00,0.055405836468983956,0.750000000000000000000
PRO001394,3,2,3,189.41,192.59,191.42333333333332,1.7509235658199973,3.18,0.009146865929719456,1.000000000000000000000
PRO001395,5,3,3,86.97,101.09,91.396,6.434032949868933,14.12,0.07039731443245802,1.000000000000000000000
PRO001396,90,14,75,211.91,279.54,248.99644444444462,16.115007055053283,67.63,0.0647198279919568,0.811111111111111111111
PRO001397,4,4,4,32.36,39.75,36.92,3.21248605703846,7.39,0.08701208171826814,1.000000000000000000000
PRO001398,17,4,11,17.04,22.48,20.088235294117652,1.6589576369444528,5.44,0.08258354268830363,0.882352941176470588235
PRO001399,6,5,6,64.52,75.31,70.60333333333334,4.502642187279265,10.79,0.06377379048126998,0.833333333333333333333
PRO001400,5,4,5,101.41,111.60,106.168,3.9534756860259224,10.19,0.03723792184110016,0.800000000000000000000
PRO001401,82,19,33,11.83,15.30,13.935487804878047,0.7187491748815313,3.47,0.05157689382282957,0.951219512195121951219
PRO001402,19,10,15,195.96,228.03,211.84894736842105,10.795331755869999,32.07,0.0509576841894622,0.842105263157894736842
PRO001403,7,5,7,168.97,215.88,184.44285714285715,15.717815491012491,46.91,0.08521780531104285,1.000000000000000000000
PRO001404,8,5,7,85.97,106.07,93.6175,6.532203194285079,20.10,0.06977545004176654,1.000000000000000000000
PRO001405,13,5,11,117.60,148.96,129.4807692307692,8.795954052421967,31.36,0.06793251310351142,0.538461538461538461538
PRO001406,2,1,2,43.39,46.03,44.71,1.866761902332533,2.64,0.04175267059567285,1.000000000000000000000
PRO001407,1,1,1,131.78,131.78,131.78,,0.00,,0E-21
PRO001408,10,5,9,209.82,246.45,227.723,12.32088836082827,36.63,0.05410471652326849,1.000000000000000000000
PRO001409,5,1,4,156.62,179.07,166.01399999999998,8.342792098572376,22.45,0.05025354547551639,0.600000000000000000000
PRO001410,4,3,4,143.57,170.73,153.3825,12.066420002083003,27.16,0.07866881816428213,1.000000000000000000000
PRO001411,5,3,4,93.64,104.60,100.41,5.1776828794355385,10.96,0.0515654106108509,1.000000000000000000000
PRO001412,7,4,7,173.06,203.03,184.46714285714287,12.555526956000367,29.97,0.06806375792204772,0.857142857142857142857
PRO001413,15,8,12,168.82,231.04,205.37800000000004,17.874290475428197,62.22,0.0870311838435869,0.933333333333333333333
PRO001414,5,3,5,25.36,29.99,27.410000000000004,2.279616195766266,4.63,0.08316731834243947,1.000000000000000000000
PRO001415,11,5,10,109.27,133.35,122.48454545454545,8.594211265306965,24.08,0.07016567872635258,0.636363636363636363636
PRO001417,3,2,3,334.85,376.10,352.42666666666673,21.29008298089226,41.25,0.060409966085310206,0.666666666666666666666
PRO001418,1,1,1,569.32,569.32,569.32,,0.00,,1.000000000000000000000
PRO001419,2,2,2,220.57,242.13,231.35,15.245222202382172,21.56,0.06589678929060805,1.000000000000000000000
PRO001420,4,4,4,209.12,232.72,220.7425,10.732170873903367,23.60,0.04861850741884036,0.250000000000000000000
PRO001421,23,15,22,256.31,308.78,281.70347826086953,15.704895764957158,52.47,0.05574974033658807,0.869565217391304347826
PRO001422,12,6,11,239.81,281.21,258.21083333333337,14.545129430551858,41.40,0.056330438358390036,0.583333333333333333333
PRO001423,15,10,15,409.73,530.59,462.13466666666676,35.05144624419145,120.86,0.07584682295533939,0.866666666666666666666
PRO001424,7,5,7,198.79,225.24,209.96428571428572,11.41094044786696,26.45,0.054347054352827835,0.857142857142857142857
PRO001425,5,5,5,320.00,411.17,371.254,35.1512023976423,91.17,0.09468235331509506,1.000000000000000000000
PRO001426,18,7,17,265.21,321.25,289.03333333333336,14.32687027109147,56.04,0.04956822836267375,0.888888888888888888888
PRO001427,3,3,3,390.08,481.86,448.76,50.957280147197714,91.78,0.11355129723504259,1.000000000000000000000
PRO001429,12,5,11,446.54,535.53,490.6433333333334,28.571986704505846,88.99,0.05823372043067098,0.833333333333333333333
PRO001430,3,3,3,237.50,263.20,249.35,12.966206075796121,25.70,0.05200002436653748,0.666666666666666666666
PRO001431,3,2,3,377.59,478.03,429.70666666666665,50.327332865286635,100.44,0.11712020494279812,0.666666666666666666666
PRO001432,3,3,3,256.81,266.66,262.95666666666665,5.360320264062863,9.85,0.020384804584010787,0.666666666666666666666
PRO001433,13,5,13,450.31,508.63,483.3276923076923,19.443659272303783,58.32,0.04022873007641721,0.923076923076923076923
PRO001435,7,5,6,416.29,476.25,455.73999999999995,22.906452511611434,59.96,0.05026210670911361,0.857142857142857142857
PRO001436,4,4,4,66.63,72.41,68.96000000000001,2.455171412888729,5.78,0.03560283371358365,1.000000000000000000000
PRO001437,12,6,12,319.81,397.86,343.86999999999995,23.29239790146125,78.05,0.06773605694437215,0.916666666666666666666
PRO001438,10,6,9,471.69,554.56,515.9220000000001,28.068766271425034,82.87,0.05440505787972799,1.000000000000000000000
PRO001439,24,8,19,74.91,93.98,84.5775,4.92377219301406,19.07,0.058216099944004736,0.833333333333333333333
PRO001441,2,2,2,263.30,304.54,283.92,29.16108365613316,41.24,0.10270880408612694,1.000000000000000000000
PRO001442,15,8,14,199.62,236.01,214.15333333333334,12.857456239567002,36.39,0.06003855293512593,0.733333333333333333333
PRO001443,2,2,2,403.04,457.45,430.245,38.473679964360294,54.41,0.089422724178922,1.000000000000000000000
PRO001446,24,7,23,326.52,387.75,360.11791666666676,18.563519854381653,61.23,0.051548448425476324,0.833333333333333333333
PRO001447,14,6,14,239.22,285.07,259.21857142857135,14.008489106002878,45.85,0.05404122485823887,0.785714285714285714285
PRO001448,2,2,2,160.30,195.29,177.79500000000002,24.74166627371708,34.99,0.13915839182045095,1.000000000000000000000
PRO001449,3,3,3,284.70,338.99,307.01666666666665,28.404039032034746,54.29,0.0925162771794194,1.000000000000000000000
PRO001450,4,2,3,500.39,534.37,510.225,16.146168792211387,33.98,0.031645193379805744,1.000000000000000000000
PRO001451,1,1,1,347.89,347.89,347.89,,0.00,,1.000000000000000000000
PRO001452,99,6,75,400.97,485.22,452.84939393939396,19.95311334809584,84.25,0.04406125660127574,0.858585858585858585858
PRO001453,103,16,88,527.26,644.25,587.7261165048543,29.300963687328018,116.99,0.0498547926738015,0.796116504854368932038
PRO001454,5,2,5,365.54,386.34,373.488,9.39989202065549,20.80,0.0251678555151852,1.000000000000000000000
PRO001455,2,2,2,353.03,362.74,357.885,6.866006845321007,9.71,0.01918495283490788,1.000000000000000000000
PRO001456,6,5,6,185.14,223.72,207.27666666666664,15.373813666968696,38.58,0.07417049836917822,0.666666666666666666666
PRO001458,5,2,4,237.17,290.14,253.458,21.94176884391943,52.97,0.0865696440590529,0.800000000000000000000
PRO001459,17,8,17,211.18,296.96,246.0764705882353,23.4708435993404,85.78,0.09538028379240954,1.000000000000000000000
PRO001460,1,1,1,439.97,439.97,439.97,,0.00,,1.000000000000000000000
PRO001462,14,11,12,147.13,178.32,161.82142857142858,8.095387915011498,31.19,0.05002667438100241,0.857142857142857142857
PRO001463,7,6,7,147.33,175.61,161.83857142857144,8.598727480605,28.28,0.05313150879115432,1.000000000000000000000
PRO001464,9,8,9,301.46,394.63,338.87666666666667,29.121462016870307,93.17,0.08593528230586439,1.000000000000000000000
PRO001465,22,9,21,159.57,213.27,192.29545454545453,17.11265967674591,53.70,0.08899149341411418,0.863636363636363636363
PRO001466,16,8,13,289.14,347.13,315.89250000000004,15.495756193228532,57.99,0.04905389078002336,0.875000000000000000000
PRO001467,18,9,17,344.38,412.56,384.02222222222224,22.231978440063706,68.18,0.05789242693147773,0.888888888888888888888
PRO001468,3,2,3,275.23,284.27,280.35999999999996,4.641842306671592,9.04,0.01655672102536593,1.000000000000000000000
PRO001469,6,3,6,586.39,633.47,609.7683333333333,19.32595396524523,47.08,0.03169392851150338,1.000000000000000000000
PRO001470,5,3,5,260.56,326.89,283.3,25.59016217220965,66.33,0.09032884635442869,1.000000000000000000000
PRO001471,5,4,4,265.34,274.34,271.538,3.965484837944953,9.00,0.01460379334732138,0.800000000000000000000
PRO001472,3,1,3,196.06,218.15,207.95666666666668,11.143071090742229,22.09,0.05358362042128438,0.666666666666666666666
PRO001473,2,2,2,93.25,101.95,97.6,6.151828996323058,8.70,0.06303103479839199,0E-21
PRO001474,11,6,11,113.38,127.99,119.33818181818182,4.966457123910365,14.61,0.041616664911796886,0.909090909090909090909
PRO001475,2,1,2,512.90,516.11,514.505,2.269812767616162,3.21,0.004411643750043561,1.000000000000000000000
PRO001476,14,7,13,157.73,185.28,173.7842857142857,6.815275505787665,27.55,0.03921686864710245,0.642857142857142857142
PRO001477,10,5,10,230.89,255.48,245.50800000000004,8.983059117643707,24.59,0.03658967983790225,1.000000000000000000000
PRO001478,36,13,35,159.88,191.77,177.4958333333333,8.541555688013778,31.89,0.048122570133648845,0.888888888888888888888
PRO001479,3,2,3,457.69,464.99,462.2866666666667,4.001378928976348,7.30,0.008655622620112371,0.333333333333333333333
PRO001480,37,11,32,399.83,517.01,446.8389189189189,27.50300688447972,117.18,0.061550159845119204,0.810810810810810810810
PRO001481,3,1,3,170.63,171.27,171.04999999999998,0.36386810797627644,0.64,0.0021272616660407864,1.000000000000000000000
PRO001482,16,8,16,260.84,324.94,295.998125,18.00585394392619,64.10,0.06083097297973151,0.750000000000000000000
PRO001483,5,3,5,338.92,428.22,383.956,40.33443045339857,89.30,0.1050496162409197,1.000000000000000000000
PRO001484,11,5,11,428.96,527.50,478.4263636363636,39.22252421064451,98.54,0.08198236383239173,0.818181818181818181818
PRO001485,7,3,7,275.61,337.07,303.38142857142856,22.419702219678307,61.46,0.07389938904714394,0.714285714285714285714
PRO001486,6,3,5,435.74,512.80,474.8733333333333,32.95472267622162,77.06,0.06939686936071715,1.000000000000000000000
PRO001487,6,3,6,430.45,552.90,495.90333333333336,50.06359622187235,122.45,0.10095434504413968,0.833333333333333333333
PRO001488,2,2,2,228.11,242.58,235.34500000000003,10.231835123768368,14.47,0.04347589761315671,1.000000000000000000000
PRO001489,1,1,1,284.91,284.91,284.91,,0.00,,1.000000000000000000000
PRO001490,3,1,3,38.13,41.29,40.056666666666665,1.690246530342224,3.16,0.04219638504640653,0.666666666666666666666
PRO001491,7,5,7,63.34,73.73,67.83428571428571,4.498439941219778,10.39,0.06631513686407726,1.000000000000000000000
PRO001492,25,9,23,43.07,55.40,49.3244,3.0030652118572325,12.33,0.060883968418414265,0.960000000000000000000
PRO001493,33,15,30,266.18,347.03,300.31515151515157,20.659895044688387,80.85,0.06879404832042266,0.787878787878787878787
PRO001494,4,2,4,25.24,28.73,26.737499999999997,1.613926371720081,3.49,0.06036190263562716,0.750000000000000000000
PRO001496,20,6,19,191.05,232.79,215.4815,12.71439063465146,41.74,0.059004557860658384,0.950000000000000000000
PRO001497,9,6,9,234.75,293.15,260.2577777777778,16.341453253747762,58.40,0.06278949045550132,0.777777777777777777777
PRO001498,11,7,10,241.03,334.24,298.3309090909091,27.85109601238173,93.21,0.09335638770133198,0.909090909090909090909
PRO001499,2,1,2,252.50,253.47,252.985,0.6858935777355568,0.97,0.0027112025524657856,1.000000000000000000000
PRO001500,4,3,4,19.15,23.18,21.229999999999997,2.0745601943544894,4.03,0.09771833228235938,0.750000000000000000000
PRO001501,2,1,2,444.68,456.27,450.475,8.19536759394983,11.59,0.01819272455508037,0.500000000000000000000
PRO001502,13,7,13,258.44,328.06,288.53999999999996,18.712466432836074,69.62,0.06485224382351173,1.000000000000000000000
PRO001503,3,3,3,383.28,467.35,423.7166666666667,42.126063586968414,84.07,0.09942036011556876,1.000000000000000000000
PRO001504,10,8,9,238.22,269.68,257.49799999999993,12.207630400696514,31.46,0.047408641623222385,0.800000000000000000000
PRO001505,13,10,13,426.64,501.84,464.3315384615385,24.89337189097799,75.20,0.05361120197317795,0.769230769230769230769
PRO001506,119,16,83,246.15,349.72,288.89008403361356,21.187892749052548,103.57,0.07334240224938716,0.857142857142857142857
PRO001507,7,3,6,260.53,311.37,292.1642857142857,19.648434931008538,50.84,0.067251323627636,0.857142857142857142857
PRO001508,13,8,12,428.30,531.83,488.78307692307686,32.23515559773701,103.53,0.06594981929542147,0.923076923076923076923
PRO001509,12,6,12,462.85,566.05,488.85833333333335,31.370253957106442,103.20,0.06417043920107687,1.000000000000000000000
PRO001510,1,1,1,478.54,478.54,478.54,,0.00,,1.000000000000000000000
PRO001511,9,5,7,393.08,487.23,419.91,31.77438158328238,94.15,0.0756695043778009,1.000000000000000000000
PRO001512,3,1,3,402.54,413.43,407.6433333333334,5.47706429881698,10.89,0.013435922658247765,1.000000000000000000000
PRO001513,10,6,10,179.59,202.94,192.032,8.279060333153529,23.35,0.04311292041510544,0.900000000000000000000
PRO001514,7,6,7,187.36,230.46,214.3314285714286,14.288844633222265,43.10,0.06666705265047179,1.000000000000000000000
PRO001515,38,12,33,108.57,149.22,130.84710526315794,10.590208355629311,40.65,0.08093574813390352,0.842105263157894736842
PRO001516,1,1,1,587.73,587.73,587.73,,0.00,,1.000000000000000000000
PRO001517,1,1,1,270.71,270.71,270.71,,0.00,,1.000000000000000000000
PRO001518,18,6,18,357.50,435.08,391.3405555555555,23.151327105201844,77.58,0.05915902856614418,0.888888888888888888888
PRO001519,2,2,2,482.53,511.26,496.895,20.315177823489456,28.73,0.040884246819729436,1.000000000000000000000
PRO001520,10,6,10,177.00,211.03,188.679,12.233806030831092,34.03,0.06483925625443791,0.800000000000000000000
PRO001521,16,8,15,320.98,383.66,349.655,20.367304845430315,62.68,0.05824971713669279,0.812500000000000000000
PRO001522,5,4,5,242.35,266.88,253.95999999999998,8.840822925497978,24.53,0.03481187165497708,0.800000000000000000000
PRO001523,1,1,1,306.88,306.88,306.88,,0.00,,0E-21
PRO001524,12,6,12,483.70,601.89,549.8966666666666,35.58124795535665,118.19,0.06470533486053134,0.750000000000000000000
PRO001525,32,9,24,463.97,575.15,523.01875,37.49979541879703,111.18,0.07169875921044327,0.656250000000000000000
PRO001526,1,1,1,308.18,308.18,308.18,,0.00,,1.000000000000000000000
PRO001528,3,2,3,388.58,425.71,407.59999999999997,18.58171951139111,37.13,0.045588124414600376,1.000000000000000000000
PRO001529,7,6,7,344.15,375.93,365.25428571428574,11.504239591185451,31.78,0.031496521851038475,1.000000000000000000000
PRO001530,2,1,2,477.69,479.53,478.61,1.3010764773681438,1.84,0.0027184481673348734,1.000000000000000000000
PRO001532,9,4,7,99.46,116.38,105.19111111111111,6.698998888722825,16.92,0.06368407765601806,0.888888888888888888888
PRO001533,4,2,4,283.33,319.62,303.0075,15.013321584513205,36.29,0.049547689692542946,1.000000000000000000000
PRO001534,16,7,16,471.66,532.49,495.726875,22.321451481701256,60.83,0.04502772112506762,0.875000000000000000000
PRO001535,10,5,10,176.89,208.54,193.109,11.700232143945442,31.65,0.06058874596184249,0.800000000000000000000
PRO001536,7,4,7,279.13,345.81,310.00714285714287,23.93523463730546,66.68,0.07720865531261409,0.857142857142857142857
PRO001537,4,4,4,220.69,250.07,234.2175,15.115332998867554,29.38,0.0645354552877883,0.500000000000000000000
PRO001538,2,1,2,274.71,298.65,286.67999999999995,16.928136341607544,23.94,0.05904889194086629,0.500000000000000000000
PRO001539,7,4,7,444.49,492.54,471.1228571428571,15.228271640042424,48.05,0.03232335559432389,0.857142857142857142857
PRO001540,11,7,11,337.97,407.18,365.6509090909091,26.60584764841884,69.21,0.07276297415632577,0.909090909090909090909
PRO001541,6,4,6,321.44,349.95,338.295,9.612268722834203,28.51,0.028413865776420588,0.833333333333333333333
PRO001542,3,2,2,50.51,50.69,50.629999999999995,0.10392304845421665,0.18,0.002052598231369083,0E-21
PRO001543,28,12,27,216.28,275.13,244.87214285714293,14.213061118182209,58.85,0.05804278490948654,0.821428571428571428571
PRO001544,19,6,17,189.20,252.01,216.78315789473686,18.99260471652418,62.81,0.08761107136259356,0.789473684210526315789
PRO001545,9,4,9,400.02,464.16,426.59,20.27213604926788,64.14,0.04752135785946197,0.888888888888888888888
PRO001546,35,11,34,268.00,338.61,298.9971428571429,22.012582440828382,70.61,0.07362138056063539,0.857142857142857142857
PRO001547,9,5,9,361.13,401.07,374.3299999999999,15.405823574222033,39.94,0.04115572776486532,0.777777777777777777777
PRO001548,1,1,1,111.92,111.92,111.92,,0.00,,1.000000000000000000000
PRO001549,5,4,5,113.28,125.35,120.874,5.718612593977552,12.07,0.04731052661430541,1.000000000000000000000
PRO001550,13,8,13,233.55,281.17,253.53538461538457,15.103998154674946,47.62,0.059573531235444094,0.846153846153846153846
PRO001551,5,3,5,411.54,450.08,426.96999999999997,18.505636979039213,38.54,0.04334177337761251,0.800000000000000000000
PRO001552,9,8,9,417.35,525.21,467.2666666666667,35.63118928691435,107.86,0.07625450696300688,0.777777777777777777777
PRO001554,3,3,3,291.40,299.13,295.0733333333333,3.879231023456104,7.73,0.013146667574578424,0.666666666666666666666
PRO001555,1,1,1,314.52,314.52,314.52,,0.00,,1.000000000000000000000
PRO001556,2,2,2,121.34,126.27,123.805,3.4860364312493597,4.93,0.028157476929440324,1.000000000000000000000
PRO001557,11,5,11,438.19,509.07,457.1427272727273,23.27008641621466,70.88,0.05090332849664243,0.727272727272727272727
PRO001558,5,3,5,239.78,261.46,251.28000000000003,9.60414233547087,21.68,0.03822087844424892,1.000000000000000000000
PRO001561,8,3,8,426.04,546.41,474.20875,42.84535228586644,120.37,0.09035124781199512,0.625000000000000000000
PRO001562,6,2,6,352.29,430.83,375.49666666666667,30.565518917019432,78.54,0.0814002403492781,0.833333333333333333333
PRO001564,7,6,7,254.81,318.20,274.17857142857144,21.238751084257387,63.39,0.0774632057260918,1.000000000000000000000
PRO001565,4,2,4,404.65,439.68,424.235,16.484357231426795,35.03,0.03885666489428452,1.000000000000000000000
PRO001566,8,5,8,289.79,350.77,316.34625000000005,25.03599177041951,60.98,0.0791411049456711,0.875000000000000000000
PRO001567,1,1,1,336.79,336.79,336.79,,0.00,,1.000000000000000000000
PRO001568,14,5,12,100.88,116.47,109.90714285714284,5.65545948425287,15.59,0.051456705517345935,0.785714285714285714285
PRO001569,2,1,2,410.22,410.80,410.51,0.4101219331060237,0.58,0.0009990546712772496,1.000000000000000000000
PRO001570,9,5,9,527.47,620.67,580.7788888888889,30.645645467359113,93.20,0.052766459066700085,0.888888888888888888888
PRO001571,1,1,1,329.84,329.84,329.84,,0.00,,1.000000000000000000000
PRO001572,3,3,3,424.57,490.34,454.18,33.37064728170611,65.77,0.07347449751575612,1.000000000000000000000
PRO001573,1,1,1,515.48,515.48,515.48,,0.00,,1.000000000000000000000
PRO001574,101,18,89,429.64,536.69,482.22099009900995,26.06058128687372,107.05,0.054042818172479266,0.861386138613861386138
PRO001576,58,19,43,91.30,120.55,108.46258620689652,7.8351548222695975,29.25,0.07223831826509965,0.793103448275862068965
PRO001577,5,3,3,233.11,252.13,240.81800000000004,10.326900309384932,19.02,0.04288259311756152,0.600000000000000000000
PRO001578,1,1,1,274.14,274.14,274.14,,0.00,,1.000000000000000000000
PRO001579,19,8,16,215.43,258.12,231.36315789473693,12.958099591730274,42.69,0.05600761897287816,0.894736842105263157894
PRO001580,7,3,7,245.80,271.59,259.25142857142856,9.18998989584443,25.79,0.03544817456352962,0.857142857142857142857
PRO001581,1,1,1,169.26,169.26,169.26,,0.00,,1.000000000000000000000
PRO001582,1,1,1,119.78,119.78,119.78,,0.00,,1.000000000000000000000
PRO001583,2,1,2,227.32,233.68,230.5,4.4971991283460335,6.36,0.019510625285666088,1.000000000000000000000
PRO001584,27,7,23,364.69,425.35,398.82777777777784,19.806711242817666,60.66,0.04966231628393179,0.814814814814814814814
PRO001585,4,3,4,323.49,348.05,332.8125,11.7030206214745,24.56,0.03516400562320977,1.000000000000000000000
PRO001586,5,5,5,123.42,144.82,127.96,9.428425107089872,21.40,0.07368259696068985,0.800000000000000000000
PRO001587,9,6,9,124.28,146.02,133.74333333333334,7.7981648482189385,21.74,0.05830694251341329,0.888888888888888888888
PRO001588,4,4,4,249.21,261.62,255.80750000000003,5.206389503932243,12.41,0.020352763323718978,0.750000000000000000000
PRO001590,4,3,4,419.32,468.99,434.6275,23.110547916481877,49.67,0.05317322975762435,0.750000000000000000000
PRO001591,1,1,1,169.58,169.58,169.58,,0.00,,1.000000000000000000000
PRO001592,6,4,5,62.17,75.75,67.80166666666666,4.767944700462335,13.58,0.07032193948716603,0.833333333333333333333
PRO001593,8,6,6,251.38,272.29,267.24749999999995,6.789701760758086,20.91,0.025406044063117847,1.000000000000000000000
PRO001594,9,9,9,106.75,125.29,113.00555555555555,6.269872628513272,18.54,0.05548287071099695,0.888888888888888888888
PRO001595,12,8,11,333.07,394.11,357.7991666666667,20.980952599194836,61.04,0.05863890851020662,0.833333333333333333333
PRO001596,8,5,7,120.26,137.64,131.78375,5.62253866784645,17.38,0.04266488598060421,0.875000000000000000000
PRO001597,4,2,2,617.02,660.34,627.85,21.659999999996824,43.32,0.03449868599187198,1.000000000000000000000
PRO001598,7,4,7,105.86,123.84,114.11000000000001,6.490354381695614,17.98,0.05687805084300774,0.857142857142857142857
PRO001599,4,4,4,297.17,325.52,311.96750000000003,15.112964357353889,28.35,0.04844403457845412,0.750000000000000000000
PRO001600,23,11,22,205.40,254.52,234.62,13.33171781879583,49.12,0.05682259747163852,0.782608695652173913043
PRO001601,24,8,23,340.31,422.50,370.82,26.184804587858174,82.19,0.0706132479042613,1.000000000000000000000
PRO001602,3,2,2,535.12,560.74,543.66,14.791713896639308,25.62,0.027207655329874018,0.333333333333333333333
PRO001603,15,3,13,213.87,247.39,230.204,9.380398864502057,33.52,0.04074820100650752,0.866666666666666666666
PRO001604,20,12,20,369.34,471.39,423.7339999999999,33.68854567169377,102.05,0.07950399465630272,0.950000000000000000000
PRO001605,7,5,7,274.83,326.72,298.2842857142858,18.925267815931505,51.89,0.06344708294173847,0.714285714285714285714
PRO001606,3,2,3,448.47,474.56,464.66333333333336,14.138883737173572,26.09,0.030428232061579148,1.000000000000000000000
PRO001607,3,3,3,470.97,565.90,521.71,47.802752012828186,94.93,0.09162705720194779,0.666666666666666666666
PRO001608,7,3,7,627.61,729.26,656.6942857142857,35.898005913581166,101.65,0.05466471491302066,0.857142857142857142857
PRO001609,7,4,7,79.94,89.38,85.82285714285715,3.298841788091448,9.44,0.0384377996481792,0.857142857142857142857
PRO001610,2,2,2,120.40,123.84,122.12,2.4324473272822775,3.44,0.01991850087849883,0.500000000000000000000
PRO001612,7,5,7,377.14,459.61,414.15285714285716,26.105792278270084,82.47,0.06303419577584901,0.571428571428571428571
PRO001613,4,3,3,236.98,277.02,265.075,19.08207797908798,40.04,0.07198746761893042,1.000000000000000000000
PRO001614,4,2,3,435.22,461.22,441.94000000000005,12.855006806687399,26.00,0.029087674360065614,0.500000000000000000000
PRO001615,1,1,1,234.74,234.74,234.74,,0.00,,1.000000000000000000000
PRO001616,4,3,4,441.72,490.72,467.33000000000004,20.850820927083515,49.00,0.04461691080624722,0.750000000000000000000
PRO001617,1,1,1,356.88,356.88,356.88,,0.00,,1.000000000000000000000
PRO001619,16,6,15,429.46,502.06,467.3387500000001,24.778278356924236,72.60,0.05301995256529494,0.937500000000000000000
PRO001620,3,3,3,233.67,265.96,252.09333333333333,16.620271758708622,32.29,0.06592904119654872,1.000000000000000000000
PRO001621,7,6,7,120.64,167.72,139.6757142857143,17.835973814310158,47.08,0.12769559766006064,0.714285714285714285714
PRO001622,1,1,1,442.67,442.67,442.67,,0.00,,1.000000000000000000000
PRO001623,15,7,15,461.42,545.03,508.8293333333333,25.174414581551584,83.61,0.04947516373836857,0.800000000000000000000
PRO001624,4,3,4,244.22,260.90,251.7525,6.875799953459859,16.68,0.02731174448499959,0.500000000000000000000
PRO001625,4,2,4,416.58,476.96,445.5875,25.03045794627021,60.38,0.05617405772439804,0.750000000000000000000
PRO001626,44,13,38,274.21,331.04,299.92318181818183,17.640994642200617,56.83,0.05881837654314719,0.772727272727272727272
PRO001627,5,4,4,217.23,270.42,235.71000000000004,20.2345570744698,53.19,0.08584513628810742,0.800000000000000000000
PRO001628,4,2,4,233.03,241.75,236.32999999999998,3.9982746278869117,8.72,0.016918184859674657,1.000000000000000000000
PRO001629,1,1,1,242.20,242.20,242.2,,0.00,,1.000000000000000000000
PRO001630,5,3,5,207.70,222.56,216.61599999999999,7.1217329351782475,14.86,0.03287722483647675,1.000000000000000000000
PRO001631,13,9,13,238.14,264.96,248.35923076923078,9.47769351472063,26.82,0.038161229141215475,0.769230769230769230769
PRO001632,32,12,25,26.88,35.41,30.22874999999999,2.2159811778635605,8.53,0.07330707283177641,0.781250000000000000000
PRO001633,100,17,65,245.86,318.01,282.9401999999999,16.361879691233174,72.15,0.057828048793466535,0.850000000000000000000
PRO001634,16,6,16,72.51,92.99,83.365625,4.69771287436778,20.48,0.056350718588960146,0.875000000000000000000
PRO001635,2,2,2,543.51,545.58,544.5450000000001,1.4637110370310842,2.07,0.002687952395175943,0.500000000000000000000
PRO001636,10,4,8,251.06,306.00,271.071,16.693368244106487,54.94,0.06158301051793252,0.800000000000000000000
PRO001637,14,6,14,324.98,411.18,368.87214285714293,26.205339496594647,86.20,0.07104179592857862,0.928571428571428571428
PRO001638,5,3,5,210.36,260.37,235.212,18.806769260029935,50.01,0.07995667423443505,0.800000000000000000000
PRO001639,51,16,44,170.34,217.14,194.60392156862747,11.906981326671579,46.80,0.0611857213908845,0.901960784313725490196
PRO001640,5,3,4,125.44,137.74,129.64600000000002,5.023562480948778,12.30,0.038748302924492675,0.800000000000000000000
PRO001641,17,7,17,259.49,326.57,289.6517647058823,20.082437363059647,67.08,0.0693330399124332,0.882352941176470588235
PRO001642,1,1,1,542.77,542.77,542.77,,0.00,,0E-21
PRO001643,6,5,6,115.40,133.79,123.74333333333333,7.4809642872205,18.39,0.06045549352601218,0.833333333333333333333
PRO001644,15,4,13,414.50,524.98,440.75866666666667,31.43900758763311,110.48,0.07132930096507789,0.733333333333333333333
PRO001647,3,3,3,349.03,388.60,367.76,19.869204815493188,39.57,0.054027639807192704,0.666666666666666666666
PRO001648,4,2,4,281.01,314.00,304.6575,15.811928777560292,32.99,0.051900671336042245,0.500000000000000000000
PRO001649,7,5,7,368.70,390.72,382.08857142857147,7.374251212995319,22.02,0.019299847638530793,0.571428571428571428571
PRO001650,4,3,3,310.37,351.66,326.73749999999995,20.14908000381307,41.29,0.061667485378363585,0.750000000000000000000
PRO001651,8,4,7,269.67,320.86,285.9275,15.874296159874968,51.19,0.05551860579998415,0.875000000000000000000
PRO001652,12,4,10,250.95,299.68,272.3733333333333,15.500343300206874,48.73,0.05690844661814743,1.000000000000000000000
PRO001653,12,7,10,261.27,338.52,297.1566666666666,24.979738456064645,77.25,0.08406252074460605,0.916666666666666666666
PRO001654,4,4,4,298.26,312.16,306.1875,6.081695898350982,13.90,0.019862652454300002,0.500000000000000000000
PRO001655,142,16,120,194.18,249.69,231.1977464788733,12.776489289845301,55.51,0.0552621705203896,0.915492957746478873239
PRO001657,2,1,2,46.43,48.82,47.625,1.6899852070359442,2.39,0.035485253691043446,0.500000000000000000000
PRO001658,3,3,3,233.59,288.81,263.29,27.846299574629334,55.22,0.105762845435183,0.666666666666666666666
PRO001660,7,6,7,242.88,278.34,260.3771428571428,12.940552170452278,35.46,0.04969926326272109,1.000000000000000000000
PRO001661,7,3,6,254.09,331.08,284.69,32.47085257067714,76.99,0.11405687790465818,0.714285714285714285714
PRO001662,11,6,11,439.74,527.40,484.96636363636367,25.883645134611857,87.66,0.05337204201242268,1.000000000000000000000
PRO001663,31,10,29,416.51,511.69,477.59903225806454,24.924333806520856,95.18,0.05218673431702707,0.838709677419354838709
PRO001664,6,4,6,496.87,603.70,536.9699999999999,44.4308271361227,106.83,0.08274359300542435,1.000000000000000000000
PRO001665,7,4,7,250.94,273.26,263.01000000000005,8.551596342203334,22.32,0.03251433915898001,1.000000000000000000000
PRO001667,1,1,1,230.24,230.24,230.24,,0.00,,1.000000000000000000000
PRO001668,2,2,2,533.67,545.53,539.5999999999999,8.38628642487633,11.86,0.015541672395990237,0.500000000000000000000
PRO001669,3,2,3,490.58,567.45,536.0233333333333,40.30632001725511,76.87,0.07519508482327594,0.666666666666666666666
PRO001670,3,3,3,450.74,487.31,472.56666666666666,19.28656095143336,36.57,0.040812360058051826,0.666666666666666666666
PRO001672,27,9,23,378.48,451.70,420.2240740740741,19.196373106808117,73.22,0.045681278848922674,0.703703703703703703703
PRO001673,3,2,3,264.36,337.45,291.0,40.371575396558484,73.09,0.1387339360706477,1.000000000000000000000
PRO001674,1,1,1,293.18,293.18,293.18,,0.00,,1.000000000000000000000
PRO001675,33,9,30,215.40,257.24,236.38333333333333,12.4932045695518,41.84,0.05285146119813213,0.787878787878787878787
PRO001676,3,2,3,262.30,289.87,271.5833333333333,15.837336686871813,27.57,0.05831483284518618,1.000000000000000000000
PRO001677,3,3,3,313.94,361.49,330.83666666666664,26.592950820346026,47.55,0.08038090544280468,1.000000000000000000000
PRO001678,2,1,2,309.95,318.50,314.225,6.045762979141708,8.55,0.01924023543365966,0.500000000000000000000
PRO001680,5,3,3,237.94,248.27,245.07600000000002,4.677347538935476,10.33,0.019085294108502977,1.000000000000000000000
PRO001682,5,3,5,232.35,284.59,257.39599999999996,22.257432017194457,52.24,0.08647155362629746,0.800000000000000000000
PRO001683,5,4,5,361.34,393.43,380.26599999999996,11.758147388088439,32.09,0.030920848532575724,1.000000000000000000000
PRO001684,8,4,7,387.57,428.34,404.185,13.423837007354049,40.77,0.033212110809045486,0.500000000000000000000
PRO001685,8,5,8,568.62,644.08,596.71875,26.856234943809998,75.46,0.04500652098465147,0.875000000000000000000
PRO001686,4,2,4,372.66,428.62,404.22749999999996,23.696958138124764,55.96,0.058622825359790624,0.750000000000000000000
PRO001687,22,8,19,453.61,574.96,515.14,31.696427018108505,121.35,0.061529733699787446,0.954545454545454545454
PRO001688,2,2,2,126.40,129.24,127.82000000000001,2.0081832585700097,2.84,0.015711025336958298,1.000000000000000000000
PRO001689,48,7,34,234.59,282.38,256.8008333333333,11.141151404139473,47.79,0.04338440518095207,0.833333333333333333333
PRO001690,5,4,5,307.32,358.35,331.634,18.608313464685104,51.03,0.05611099424270462,0.400000000000000000000
PRO001691,1,1,1,208.50,208.50,208.5,,0.00,,1.000000000000000000000
PRO001692,2,2,2,249.29,273.38,261.335,17.034202358784555,24.09,0.06518148108284216,1.000000000000000000000
PRO001693,4,3,4,218.66,258.85,233.93,17.806757144410263,40.19,0.07612002370115104,1.000000000000000000000
PRO001694,1,1,1,204.40,204.40,204.4,,0.00,,1.000000000000000000000
PRO001696,39,9,34,301.28,376.14,332.4238461538462,19.54913345977944,74.86,0.05880785535082244,0.794871794871794871794
PRO001697,10,4,9,340.71,391.55,358.13800000000003,18.882180782713892,50.84,0.052723198271933974,0.700000000000000000000
PRO001698,17,8,10,388.81,451.91,425.45352941176475,18.679015947439108,63.10,0.043903774810059415,1.000000000000000000000
PRO001699,6,5,6,144.70,178.59,161.555,14.910496638274651,33.89,0.09229362531815574,0.833333333333333333333
PRO001700,2,2,2,401.14,402.48,401.81,0.9475230868085506,1.34,0.0023581371464337637,0E-21
PRO001701,24,10,23,211.33,273.31,245.51541666666662,16.908314388815693,61.98,0.06886864628860317,0.875000000000000000000
PRO001702,2,2,2,440.03,466.70,453.365,18.85853785424425,26.67,0.04159681019541484,1.000000000000000000000
PRO001703,3,3,3,372.23,402.38,387.3666666666666,15.075378381101928,30.15,0.03891759327364752,1.000000000000000000000
PRO001704,2,2,2,47.57,48.99,48.28,1.0040916292850048,1.42,0.020797258270194796,0E-21
PRO001705,5,3,5,265.09,298.03,279.54,13.819623728596559,32.94,0.049437016987180935,0.600000000000000000000
PRO001706,1,1,1,520.46,520.46,520.46,,0.00,,1.000000000000000000000
PRO001707,21,8,16,287.43,357.45,328.9014285714286,17.100909123702646,70.02,0.05199402507304338,0.666666666666666666666
PRO001708,15,7,14,428.35,510.80,459.83533333333344,27.3556402819969,82.45,0.05949007894564481,0.933333333333333333333
PRO001709,4,2,4,84.26,96.27,88.33749999999999,5.390914424597807,12.01,0.06102634130010254,1.000000000000000000000
PRO001710,3,2,3,217.34,248.37,237.91666666666666,17.820679934652617,31.03,0.0749030330002912,1.000000000000000000000
PRO001711,1,1,1,561.65,561.65,561.65,,0.00,,1.000000000000000000000
PRO001713,21,7,17,299.57,363.63,323.1590476190476,19.943939657139197,64.06,0.06171555400995576,0.857142857142857142857
PRO001714,7,4,7,337.55,403.59,365.9485714285714,24.901286732865923,66.04,0.06804586402853698,0.571428571428571428571
PRO001715,3,2,3,398.47,433.09,412.6466666666667,18.14082228933718,34.62,0.04396212002844365,1.000000000000000000000
PRO001716,32,8,25,309.21,388.26,353.53124999999994,22.696358063682258,79.05,0.06419901511869816,0.937500000000000000000
PRO001717,9,5,9,498.48,597.15,524.5444444444444,29.526285370460357,98.67,0.056289387263899524,0.777777777777777777777
PRO001718,2,2,2,399.51,436.34,417.92499999999995,26.042742751101272,36.83,0.06231439313537423,1.000000000000000000000
PRO001719,6,5,6,248.56,283.80,265.52500000000003,14.477549171043778,35.24,0.05452424129947755,0.833333333333333333333
PRO001720,46,14,43,228.88,291.61,259.6386956521739,14.633858701076498,62.73,0.05636239492082802,0.782608695652173913043
PRO001721,2,2,2,223.02,247.27,235.145,17.147339443773777,24.25,0.0729224072116089,0.500000000000000000000
PRO001722,6,3,6,271.99,323.23,290.4483333333333,19.328201589042248,51.24,0.06654609226784654,0.833333333333333333333
PRO001723,1,1,1,399.46,399.46,399.46,,0.00,,1.000000000000000000000
PRO001724,8,4,6,376.99,396.76,383.95375,7.95841143067897,19.77,0.020727526246791365,1.000000000000000000000
PRO001725,3,1,2,222.86,236.13,231.70666666666668,7.661438072146089,13.27,0.03306524659977884,1.000000000000000000000
PRO001726,15,7,14,231.45,296.36,266.6633333333333,18.280571133101965,64.91,0.06855299866161566,0.733333333333333333333
PRO001727,2,2,2,235.44,249.19,242.315,9.722718241315777,13.75,0.04012429375530106,1.000000000000000000000
PRO001728,4,3,3,436.07,449.75,444.635,6.5436457728098745,13.68,0.014716893120896633,1.000000000000000000000
PRO001729,6,2,6,413.13,442.95,425.6516666666667,10.396227039971272,29.82,0.02442426015005526,0.833333333333333333333
PRO001730,3,2,2,140.53,153.50,144.85333333333332,7.488232991389937,12.97,0.051695275621708885,1.000000000000000000000
PRO001731,1,1,1,425.55,425.55,425.55,,0.00,,1.000000000000000000000
PRO001732,13,4,11,277.50,331.65,306.13307692307694,17.105256689399074,54.15,0.05587523197859853,0.846153846153846153846
PRO001733,44,15,38,101.18,137.63,114.89704545454543,9.13234949762244,36.45,0.07948289237111238,0.795454545454545454545
PRO001734,4,3,4,327.43,382.74,348.4325,24.159120258541826,55.31,0.06933658673786695,1.000000000000000000000
PRO001736,8,4,7,439.45,475.56,466.25249999999994,11.511439962058455,36.11,0.024689283086006954,1.000000000000000000000
PRO001737,25,11,25,497.67,615.00,559.7959999999999,34.69549046105892,117.33,0.06197881096159837,0.840000000000000000000
PRO001739,2,1,2,233.44,244.81,239.125,8.039804102090956,11.37,0.033621763103359986,1.000000000000000000000
PRO001740,5,5,5,318.67,382.03,348.148,23.896709396901255,63.36,0.06863951364621153,1.000000000000000000000
PRO001741,16,6,14,285.74,325.04,303.395625,12.681192882243492,39.30,0.04179754695620114,0.812500000000000000000
PRO001742,4,3,4,59.78,71.76,64.485,5.116049908539456,11.98,0.07933705371077703,0.750000000000000000000
PRO001743,2,2,2,478.87,526.56,502.715,33.721922394786134,47.69,0.06707960254773805,1.000000000000000000000
PRO001744,43,13,35,196.45,274.65,224.80139534883713,17.647347916411498,78.20,0.07850195008365986,0.813953488372093023255
PRO001745,4,4,4,284.53,317.91,297.29499999999996,14.678913447527894,33.38,0.04937490858416016,0.750000000000000000000
PRO001746,22,8,20,119.43,156.93,141.80045454545453,9.265405949153367,37.50,0.06534115831189607,0.818181818181818181818
PRO001747,6,4,6,233.76,277.38,253.76833333333332,14.423111199275835,43.62,0.056835740731805924,0.833333333333333333333
PRO001748,3,3,3,272.50,305.67,288.37666666666667,16.630316693717667,33.17,0.05766873196069146,1.000000000000000000000
PRO001750,9,6,8,424.54,481.17,445.05,19.734805547560523,56.63,0.04434289528718239,0.666666666666666666666
PRO001752,11,8,10,91.96,103.69,97.46181818181817,3.868782284341838,11.73,0.039695363338333164,0.818181818181818181818
PRO001753,1,1,1,271.35,271.35,271.35,,0.00,,1.000000000000000000000
PRO001754,50,15,33,315.59,381.86,342.36120000000017,15.19100937651845,66.27,0.04437129375793297,0.880000000000000000000
PRO001755,5,3,5,234.13,251.87,244.622,6.738484250927007,17.74,0.02754651769230489,1.000000000000000000000
PRO001756,1,1,1,410.87,410.87,410.87,,0.00,,1.000000000000000000000
PRO001757,12,7,12,351.39,447.59,388.94583333333327,29.187265111637604,96.20,0.07504197914012262,0.916666666666666666666
PRO001758,8,3,8,412.54,463.05,429.8725,18.125948842159453,50.51,0.042165872071740926,1.000000000000000000000
PRO001759,3,2,3,469.34,555.25,502.3533333333333,46.27788060546178,85.91,0.09212217285070624,1.000000000000000000000
PRO001760,4,2,4,178.26,204.73,190.11249999999998,11.156948134085305,26.47,0.0586860313450473,1.000000000000000000000
PRO001761,7,5,6,482.20,572.65,532.7828571428571,28.4614696940089,90.45,0.053420393153485825,0.428571428571428571428
PRO001762,5,4,5,338.89,437.45,372.312,38.20828601233027,98.56,0.10262437421391271,0.800000000000000000000
PRO001763,1,1,1,157.90,157.90,157.9,,0.00,,1.000000000000000000000
PRO001764,6,3,5,262.19,292.30,281.64500000000004,11.74647989825039,30.11,0.04170668713540233,0.500000000000000000000
PRO001765,9,7,9,293.24,352.14,318.55111111111114,21.23118487299052,58.90,0.0666492256107217,0.888888888888888888888
PRO001766,10,7,10,383.95,450.09,417.23400000000004,24.915815236288257,66.14,0.05971664638137893,0.900000000000000000000
PRO001767,2,2,2,81.46,81.57,81.51499999999999,0.07778174595364412,0.11,0.0009542016310328668,1.000000000000000000000
PRO001768,18,7,18,270.93,338.27,291.95,17.90957844283443,67.34,0.06134467697494239,0.944444444444444444444
PRO001769,4,3,4,267.45,292.68,281.40000000000003,11.317635206465988,25.23,0.04021903058445624,1.000000000000000000000
PRO001770,20,5,18,490.02,569.29,542.0000000000002,28.7563259859516,79.27,0.05305595200360072,0.900000000000000000000
PRO001771,7,5,7,80.23,97.33,86.74285714285713,6.840167430421045,17.10,0.07885568513331245,0.857142857142857142857
PRO001772,24,10,22,247.25,321.96,267.9008333333333,16.93256572064842,74.71,0.0632046026507884,0.916666666666666666666
PRO001773,8,5,7,138.75,167.84,149.54125,9.55107389250057,29.09,0.06386915912833797,0.875000000000000000000
PRO001775,13,8,12,386.74,458.40,422.3107692307692,21.581560980591227,71.66,0.05110350612157397,0.769230769230769230769
PRO001776,28,8,23,270.40,335.10,291.9132142857143,15.321861663692232,64.70,0.0524877289340377,0.821428571428571428571
PRO001777,4,3,4,242.52,284.77,260.6925,18.59405348491792,42.25,0.0713256172882531,1.000000000000000000000
PRO001778,24,9,22,406.58,491.89,430.50333333333333,22.179173479458438,85.31,0.051519167825549404,0.833333333333333333333
PRO001779,3,2,3,271.74,286.38,281.31333333333333,8.295476679090973,14.64,0.02948838784424594,1.000000000000000000000
PRO001780,12,7,9,145.15,172.45,158.3,8.896095159726256,27.30,0.056197695260431176,0.416666666666666666666
PRO001781,16,6,16,588.06,682.82,628.036875,28.396296640875736,94.76,0.04521437796287955,0.750000000000000000000
PRO001782,2,1,2,369.62,375.78,372.7,4.355777772107828,6.16,0.01168708819991368,1.000000000000000000000
PRO001783,4,3,4,465.11,532.29,506.19000000000005,31.63318826801888,67.18,0.0624927167032515,1.000000000000000000000
PRO001784,3,2,3,364.03,384.41,372.11666666666673,10.821651137107937,20.38,0.0290813395541934,0.666666666666666666666
PRO001785,2,2,2,436.30,464.78,450.53999999999996,20.138401128192935,28.48,0.04469836446973174,1.000000000000000000000
PRO001786,3,3,3,447.00,536.49,487.8066666666667,45.261975579213754,89.49,0.09278670971945256,1.000000000000000000000
PRO001787,47,18,41,280.52,360.90,329.7121276595743,18.98626917311162,80.38,0.057584382193896194,0.893617021276595744680
PRO001788,11,9,11,209.03,253.25,231.35090909090906,14.626675941269633,44.22,0.06322290238125712,0.818181818181818181818
PRO001789,26,10,19,167.20,208.79,186.3769230769231,9.831203698114804,41.59,0.05274903961182568,0.961538461538461538461
PRO001790,4,2,4,69.56,76.81,72.7425,3.2314947521746453,7.25,0.04442375161940606,0.750000000000000000000
PRO001791,5,4,5,247.30,279.47,259.264,14.072459983954476,32.17,0.054278495988469184,0.600000000000000000000
PRO001792,25,11,25,300.05,389.23,348.2384,26.918011268787897,89.18,0.07729765375899929,0.920000000000000000000
PRO001793,23,9,21,224.53,296.22,254.19782608695652,17.151776466837678,71.69,0.06747412726090884,0.782608695652173913043
PRO001794,2,2,2,287.01,345.96,316.485,41.683944750946154,58.95,0.13170906915318625,1.000000000000000000000
PRO001795,2,2,2,227.24,246.23,236.735,13.427957774731997,18.99,0.056721472425843224,1.000000000000000000000
PRO001796,1,1,1,511.79,511.79,511.79,,0.00,,1.000000000000000000000
PRO001797,6,5,6,273.19,318.16,287.68833333333333,17.330804270624252,44.97,0.06024159572207511,0.833333333333333333333
PRO001799,42,10,38,325.84,406.19,364.1083333333333,21.779225939421387,80.35,0.05981523614150017,0.809523809523809523809
PRO001800,14,6,14,205.72,246.55,222.3057142857143,13.946561591294294,40.83,0.06273595636578976,0.785714285714285714285
PRO001801,16,6,8,215.92,244.16,229.1475,9.139259269766214,28.24,0.0398837398172191,0.937500000000000000000
PRO001802,12,7,10,310.20,357.38,335.11083333333335,12.892392724065793,47.18,0.03847202609305616,1.000000000000000000000
PRO001803,19,6,16,121.01,149.28,133.2521052631579,8.365777893662036,28.27,0.06278158140271456,0.736842105263157894736
PRO001804,47,15,35,231.87,331.95,279.5853191489362,26.92979502747852,100.08,0.09632049032278733,0.936170212765957446808
PRO001805,12,6,11,210.22,320.51,254.20916666666668,36.41303249670433,110.29,0.14324043847109236,0.833333333333333333333
PRO001806,7,5,6,19.47,22.63,21.37857142857143,1.248110953553762,3.16,0.0583814011017463,1.000000000000000000000
PRO001807,22,8,13,85.90,101.76,93.27772727272728,4.082769755259522,15.86,0.04377003894318993,0.954545454545454545454
PRO001808,46,16,35,71.00,91.59,82.81260869565219,5.354300632734551,20.59,0.0646556208899583,0.934782608695652173913
PRO001810,4,3,4,80.93,92.04,85.84750000000001,4.719691903786306,11.11,0.054977627814278875,0.750000000000000000000
PRO001811,7,5,7,257.80,310.74,285.5842857142857,21.726610302532723,52.94,0.0760777514357678,0.857142857142857142857
PRO001812,3,2,3,94.97,95.20,95.10000000000001,0.11789826122518271,0.23,0.001239729350422531,1.000000000000000000000
PRO001813,27,11,24,310.50,411.92,358.48851851851845,23.36209186229625,101.42,0.0651683126668656,0.777777777777777777777
PRO001814,4,3,4,71.73,81.35,77.545,4.163536157322623,9.62,0.05369187126600842,1.000000000000000000000
PRO001815,19,6,16,220.39,276.93,239.15894736842097,14.00117570251442,56.54,0.05854339073062488,0.842105263157894736842
PRO001816,14,8,13,164.27,185.93,178.23285714285709,6.4598945318530205,21.66,0.03624412824553045,0.857142857142857142857
PRO001817,4,2,4,136.42,155.29,147.5375,8.55317631058796,18.87,0.057972897131834004,0.750000000000000000000
PRO001818,7,2,2,220.16,243.19,223.45000000000002,8.704521813402256,23.03,0.03895512111614345,1.000000000000000000000
PRO001819,11,4,5,228.21,278.45,250.03454545454545,17.073518889576224,50.24,0.0682846398626148,1.000000000000000000000
PRO001820,1,1,1,254.65,254.65,254.65,,0.00,,1.000000000000000000000
PRO001821,13,9,13,42.74,51.21,47.113076923076925,2.6132750353256777,8.47,0.055468146128355364,0.846153846153846153846
PRO001822,7,4,7,183.09,213.14,194.78285714285715,12.718642110809784,30.05,0.06529651683608742,0.857142857142857142857
PRO001823,95,17,72,66.74,100.35,85.90810526315789,7.482314509183452,33.61,0.08709672371731704,0.789473684210526315789
PRO001824,13,6,12,112.28,155.34,139.55076923076922,16.086409616784557,43.06,0.11527281222064166,1.000000000000000000000
PRO001825,21,8,18,164.35,214.39,183.64523809523808,13.17217241727695,50.04,0.07172618551887464,0.761904761904761904761
PRO001826,22,9,20,114.23,152.09,135.52954545454548,11.795425859718547,37.86,0.08703213620438616,0.954545454545454545454
PRO001827,18,9,15,129.62,166.73,149.33055555555552,11.557114677687014,37.11,0.07739283252975923,0.888888888888888888888
PRO001828,15,7,12,20.51,26.47,23.623333333333335,2.255683826206466,5.96,0.0954854166589445,0.733333333333333333333
PRO001829,6,5,6,242.25,266.44,251.56999999999996,8.714670389637797,24.19,0.03464113522931112,0.500000000000000000000
PRO001830,9,6,8,186.37,224.42,207.59666666666666,14.527871488968927,38.05,0.06998123680037699,0.777777777777777777777
PRO001831,11,7,10,211.24,305.40,251.42818181818183,31.72374278617876,94.16,0.126174172508313,0.818181818181818181818
PRO001832,1,1,1,235.26,235.26,235.26,,0.00,,1.000000000000000000000
PRO001833,7,3,7,230.61,287.01,260.96,22.700345078140817,56.40,0.08698783368386273,0.857142857142857142857
PRO001834,32,10,29,115.60,145.77,131.3478125,9.404248434025297,30.17,0.07159805903905173,0.875000000000000000000
PRO001835,15,6,14,90.07,113.10,99.70933333333333,8.031701889269382,23.03,0.08055115424770715,0.733333333333333333333
PRO001836,5,3,5,84.04,100.57,92.338,7.616388251658497,16.53,0.08248379054840367,0.800000000000000000000
PRO001837,4,3,4,277.92,310.09,293.325,13.62459173700334,32.17,0.046448791398630666,0.500000000000000000000
PRO001838,1,1,1,273.34,273.34,273.34,,0.00,,0E-21
PRO001839,8,5,7,129.20,136.79,132.88750000000002,2.1589862038851506,7.59,0.01624672150416819,0.625000000000000000000
PRO001840,7,5,7,184.55,242.66,207.83428571428573,21.333265773702394,58.11,0.10264555581089106,1.000000000000000000000
PRO001841,1,1,1,319.00,319.00,319.0,,0.00,,1.000000000000000000000
PRO001842,9,7,9,220.73,278.24,245.20000000000002,21.443904145467577,57.51,0.08745474773844851,0.888888888888888888888
PRO001843,70,15,60,161.21,207.06,177.2598571428572,11.932919816273442,45.85,0.06731879404966726,0.942857142857142857142
PRO001844,14,7,14,95.20,115.66,104.79357142857144,5.715238210451112,20.46,0.05453806118581126,0.857142857142857142857
PRO001845,14,6,14,300.11,370.88,345.46,19.993574352392365,70.77,0.057875222463938995,1.000000000000000000000
PRO001847,176,19,109,160.02,214.62,193.6674431818183,10.942215327913573,54.60,0.05650002472351966,0.880681818181818181818
PRO001848,3,2,3,172.51,184.36,177.20666666666668,6.295397789920438,11.85,0.03552573900485556,1.000000000000000000000
PRO001849,249,21,164,183.90,239.15,217.3486746987953,11.12644692704126,55.25,0.05119169437062562,0.835341365461847389558
PRO001850,4,3,4,134.82,174.78,151.855,18.405277322913,39.96,0.12120297206488428,0.500000000000000000000
PRO001851,5,1,4,34.82,38.03,37.134,1.339824615388223,3.21,0.036080805067814484,1.000000000000000000000
PRO001852,4,3,4,281.39,308.73,296.36,11.263563675260938,27.34,0.03800635603745761,0.750000000000000000000
PRO001853,2,2,2,172.22,191.24,181.73000000000002,13.449170978167578,19.02,0.07400633345164571,1.000000000000000000000
PRO001854,2,1,2,382.83,398.11,390.47,10.804591616528256,15.28,0.02767073428567689,1.000000000000000000000
PRO001855,3,3,3,193.50,207.16,200.64666666666665,6.851987546205064,13.66,0.034149520946631214,0.666666666666666666666
PRO001856,5,3,5,84.97,95.17,89.474,4.501369791518973,10.20,0.05030924951962552,0.800000000000000000000
PRO001858,2,2,2,68.00,75.80,71.9,5.515432893254912,7.80,0.07670977598407389,1.000000000000000000000
PRO001859,9,4,6,144.25,161.80,150.06666666666666,7.1029465716704445,17.55,0.04733194072636902,0.888888888888888888888
PRO001860,23,10,20,301.72,384.10,346.8134782608696,22.8531719717402,82.38,0.06589470537978998,0.869565217391304347826
PRO001861,10,4,9,128.62,161.14,141.60500000000002,9.598022076332665,32.52,0.06778024841165682,0.800000000000000000000
PRO001862,2,2,2,150.44,159.60,155.01999999999998,6.47709811566983,9.16,0.04178233850903,0.500000000000000000000
PRO001863,5,4,4,187.45,205.86,197.952,9.639215217018622,18.41,0.04869470991461881,0.800000000000000000000
PRO001864,6,3,6,265.89,327.30,289.0,20.52321124970456,61.41,0.07101457179828567,0.833333333333333333333
PRO001865,4,3,4,129.91,155.83,145.725,11.258183690098653,25.92,0.07725636431702627,0.750000000000000000000
PRO001866,1,1,1,241.14,241.14,241.14,,0.00,,1.000000000000000000000
PRO001867,5,4,5,154.82,191.92,173.872,16.309375217953153,37.10,0.09380104454974436,0.800000000000000000000
PRO001868,6,5,6,142.35,169.79,153.01166666666668,10.576128623776329,27.44,0.06911975311540293,1.000000000000000000000
PRO001869,3,2,3,202.90,225.16,217.5533333333333,12.693247548730053,22.26,0.05834545191399835,1.000000000000000000000
PRO001870,3,1,3,267.14,288.58,275.3033333333333,11.59862204459499,21.44,0.04213033639716794,1.000000000000000000000
PRO001871,6,3,5,227.37,274.51,242.4083333333333,17.243917671651413,47.14,0.0711358286843195,0.833333333333333333333
PRO001872,20,10,16,273.55,341.33,308.4820000000001,21.46997256880478,67.78,0.06959878556546176,0.950000000000000000000
PRO001873,94,16,69,108.95,149.98,128.38436170212762,8.220062338997796,41.03,0.06402697517061823,0.872340425531914893617
PRO001874,2,2,2,163.60,184.07,173.83499999999998,14.474475810888935,20.47,0.08326560135121774,1.000000000000000000000
PRO001875,17,9,16,197.48,248.82,228.74411764705886,14.984441956084881,51.34,0.06550744172230541,0.941176470588235294117
PRO001876,1,1,1,211.95,211.95,211.95,,0.00,,1.000000000000000000000
PRO001877,3,3,3,119.08,123.74,121.90999999999998,2.4857393266395844,4.66,0.020389954282992246,1.000000000000000000000
PRO001878,4,4,4,246.17,268.47,256.8925,9.188182174221208,22.30,0.035766642366831296,1.000000000000000000000
PRO001879,25,9,21,148.51,184.00,164.7,9.57680052696777,35.49,0.05814693701862641,0.800000000000000000000
PRO001881,4,3,4,245.04,293.62,275.51,21.29635023503615,48.58,0.07729792107377646,1.000000000000000000000
PRO001882,3,2,3,254.12,293.22,267.37333333333333,22.38630235955375,39.10,0.08372675793978612,1.000000000000000000000
PRO001883,2,2,2,156.13,170.54,163.33499999999998,10.189408716899006,14.41,0.062383498435111935,1.000000000000000000000
PRO001884,49,8,30,125.50,162.04,143.70693877551022,9.279904409547738,36.54,0.0645752006731158,0.857142857142857142857
PRO001885,11,3,7,114.97,138.94,130.7418181818182,7.551853836220141,23.97,0.05776157882184287,0.818181818181818181818
PRO001886,3,2,3,228.79,287.26,267.66,33.66281182551463,58.47,0.1257670620395824,1.000000000000000000000
PRO001887,20,4,10,14.18,16.17,15.607500000000002,0.6241193796060441,1.99,0.03998842733340023,0.850000000000000000000
PRO001888,7,4,5,229.69,273.88,248.55714285714288,19.57046560022285,44.19,0.07873628323556522,1.000000000000000000000
PRO001889,33,11,23,52.13,65.28,58.61181818181819,3.484253376393409,13.15,0.059446259892245584,0.848484848484848484848
PRO001891,24,13,22,51.35,65.59,58.58625,3.956718900367081,14.24,0.06753664725711375,0.916666666666666666666
PRO001892,3,2,3,248.51,270.20,257.6466666666667,11.241407088675176,21.69,0.04363109848891961,1.000000000000000000000
PRO001893,5,4,5,185.91,208.84,196.938,9.963128022865353,22.93,0.05059017570436053,0.600000000000000000000
PRO001894,7,3,6,254.66,306.05,281.98857142857145,20.35240725202729,51.39,0.07217458193046883,1.000000000000000000000
PRO001895,1,1,1,194.15,194.15,194.15,,0.00,,1.000000000000000000000
PRO001896,42,11,30,238.45,297.09,262.9042857142858,13.997595637238765,58.64,0.053242173664870614,0.809523809523809523809
PRO001897,2,1,1,241.64,241.64,241.64,0.0,0.00,0.0,1.000000000000000000000
PRO001898,2,2,2,49.79,51.01,50.4,0.8626702730476411,1.22,0.01711647367158018,0.500000000000000000000
PRO001899,1,1,1,70.80,70.80,70.8,,0.00,,1.000000000000000000000
PRO001900,4,3,4,152.16,164.05,156.9025,5.159136717190672,11.89,0.032881163252278786,1.000000000000000000000
PRO001901,2,2,2,279.08,300.86,289.97,15.400785694241696,21.78,0.053111651875165346,0.500000000000000000000
PRO001902,41,15,32,248.74,368.57,312.0160975609757,27.119319854859405,119.83,0.08691641254041264,0.902439024390243902439
PRO001903,1,1,1,274.96,274.96,274.96,,0.00,,1.000000000000000000000
PRO001904,6,4,6,158.52,171.31,164.71666666666667,5.5136146643261075,12.79,0.03347332589897465,0.666666666666666666666
PRO001905,5,3,5,189.01,224.44,209.55599999999998,14.866143750146017,35.43,0.07094115057619929,0.600000000000000000000
PRO001906,7,5,5,251.43,299.44,278.95,19.2311440117325,48.01,0.06894118663463883,1.000000000000000000000
PRO001907,1,1,1,108.23,108.23,108.23,,0.00,,1.000000000000000000000
PRO001909,4,4,4,280.79,365.35,307.265,39.25389619727807,84.56,0.12775257903528897,1.000000000000000000000
PRO001910,66,15,48,229.40,273.78,255.45257575757574,12.824885821727973,44.38,0.050204566478510584,0.863636363636363636363
PRO001911,10,4,5,60.30,68.34,65.79300000000002,3.352140443888587,8.04,0.050949803837620815,0.900000000000000000000
PRO001913,9,4,6,178.82,191.82,186.02555555555557,3.948500066833515,13.00,0.021225578684829223,0.888888888888888888888
PRO001914,6,5,6,109.88,126.44,119.71333333333331,6.688735804819619,16.56,0.05587293928400864,0.833333333333333333333
PRO001915,6,4,4,18.14,20.28,19.381666666666668,0.7396327917735162,2.14,0.03816146487781492,1.000000000000000000000
PRO001916,6,3,6,134.44,152.30,144.38,6.869983988336681,17.86,0.047582656796901796,1.000000000000000000000
PRO001917,11,7,11,235.80,283.04,257.4736363636364,14.225202474992187,47.24,0.05524916133511076,0.909090909090909090909
PRO001918,3,2,3,240.19,259.81,246.76999999999998,11.293130655403246,19.62,0.04576379079873261,0.666666666666666666666
PRO001919,33,11,28,165.04,207.66,179.72575757575754,10.5513396751035,42.62,0.05870799943995744,0.848484848484848484848
PRO001920,7,3,6,274.65,327.39,296.64285714285717,17.881314003064688,52.74,0.06027892994050219,0.714285714285714285714
PRO001921,5,5,5,177.25,208.48,188.098,14.405305272711033,31.23,0.07658404274745628,1.000000000000000000000
PRO001922,5,2,5,328.46,345.03,336.526,6.609975794204139,16.57,0.019641798239078523,0.800000000000000000000
PRO001923,6,4,6,181.02,192.14,186.36166666666668,4.773365339743151,11.12,0.02561345058305884,1.000000000000000000000
PRO001925,9,3,7,312.61,350.94,324.71888888888896,14.218133179537663,38.33,0.04378597508814083,1.000000000000000000000
PRO001926,5,2,4,174.56,188.82,180.404,6.797185446933215,14.26,0.037677576145391536,1.000000000000000000000
PRO001927,1,1,1,68.86,68.86,68.86,,0.00,,1.000000000000000000000
PRO001928,18,7,14,28.09,36.06,32.89666666666667,2.7049975535489406,7.97,0.08222710163792503,0.888888888888888888888
PRO001930,21,7,13,150.82,192.75,167.07857142857145,11.604154551587806,41.93,0.06945327849268063,0.809523809523809523809
PRO001931,19,9,15,120.11,144.60,132.07631578947365,6.358192624504181,24.49,0.04814029363628662,0.947368421052631578947
PRO001932,43,12,37,194.49,260.40,227.49930232558143,15.894794205493708,65.91,0.06986744153943016,0.883720930232558139534
PRO001933,3,1,3,140.24,152.47,145.80666666666667,6.188314256187559,12.23,0.0424419157070154,1.000000000000000000000
PRO001934,3,2,3,192.62,226.22,211.83666666666667,17.3136025521361,33.60,0.08173090534595569,1.000000000000000000000
PRO001936,2,1,2,115.38,135.92,125.64999999999999,14.523973285571607,20.54,0.11559071456881502,1.000000000000000000000
PRO001937,6,5,6,81.81,94.02,88.02,4.9588466400968425,12.21,0.05633772597247038,0.833333333333333333333
PRO001938,17,8,14,165.06,195.21,181.4329411764706,9.90351879681254,30.15,0.054585009384706444,0.647058823529411764705
PRO001939,2,1,2,70.69,75.12,72.905,3.1324830406563167,4.43,0.04296664207744759,1.000000000000000000000
PRO001940,20,10,17,62.22,74.89,68.07900000000001,3.7947594057287937,12.67,0.055740528000246675,0.900000000000000000000
PRO001941,3,3,3,115.06,122.90,119.37666666666667,3.9797529236546696,7.84,0.03333777893771538,0.666666666666666666666
PRO001942,4,4,4,149.23,161.20,157.71249999999998,5.674935388766802,11.97,0.035982787596207044,0.750000000000000000000
PRO001943,12,5,10,160.40,187.80,169.95583333333332,8.518943018445558,27.40,0.05012445204947693,0.750000000000000000000
PRO001944,14,7,14,113.58,145.78,127.53714285714285,12.161545592924956,32.20,0.09535689227841154,0.928571428571428571428
PRO001945,1,1,1,319.71,319.71,319.71,,0.00,,1.000000000000000000000
PRO001946,6,4,6,231.57,274.27,263.23,15.961744265587127,42.70,0.060638013393561244,1.000000000000000000000
PRO001947,2,2,2,221.71,235.35,228.53,9.644936495384469,13.64,0.042204246687019074,1.000000000000000000000
PRO001948,8,5,8,167.95,194.17,187.3625,9.3326825878578,26.22,0.04981083508096764,1.000000000000000000000
PRO001949,5,3,5,128.33,143.21,134.416,5.6044964091344704,14.88,0.041695158382443094,1.000000000000000000000
PRO001950,11,6,9,163.90,206.04,184.81181818181815,17.299064609499762,42.14,0.09360367091070397,0.545454545454545454545
PRO001951,89,15,76,285.79,395.51,324.253370786517,23.510018268031708,109.72,0.07250508517769677,0.921348314606741573033
PRO001953,2,2,2,125.43,129.21,127.32000000000001,2.6728636328856092,3.78,0.020993273899509966,1.000000000000000000000
PRO001954,4,4,4,107.73,123.37,117.1375,6.690457757134485,15.64,0.0571162758052245,1.000000000000000000000
PRO001955,7,3,7,233.29,272.33,249.4842857142857,13.937573745267775,39.04,0.05586553760435781,1.000000000000000000000
PRO001956,79,15,67,51.03,71.43,60.964936708860776,4.885721182210458,20.40,0.08013985490614568,0.848101265822784810126
PRO001957,8,4,8,264.06,325.11,295.43,23.56204090117342,61.05,0.07975507193302447,0.875000000000000000000
PRO001958,4,3,4,141.11,159.60,150.26500000000001,7.60102843918693,18.49,0.05058415758284983,0.750000000000000000000
PRO001960,44,4,38,176.95,228.36,203.4418181818182,14.484777618722376,51.41,0.07119862449212468,0.840909090909090909090
PRO001961,1,1,1,210.95,210.95,210.95,,0.00,,1.000000000000000000000
PRO001962,5,4,5,219.44,241.03,226.7,9.518949521875038,21.59,0.04198919065670507,1.000000000000000000000
PRO001964,2,2,2,135.63,146.04,140.83499999999998,7.360981592152196,10.41,0.052266706373786324,1.000000000000000000000
PRO001965,5,2,5,107.13,122.91,113.356,8.286768368911938,15.78,0.07310392364684655,1.000000000000000000000
PRO001966,3,2,3,339.10,397.58,372.0666666666666,29.943976578494215,58.48,0.08048013773112583,1.000000000000000000000
PRO001967,29,11,28,272.88,335.11,303.0944827586207,21.633628020515726,62.23,0.07137585555374289,0.965517241379310344827
PRO001968,4,2,3,212.04,224.43,218.1225,7.025868273743057,12.39,0.03221065352608308,1.000000000000000000000
PRO001969,2,1,2,270.57,293.41,281.99,16.150318882300862,22.84,0.05727266527997752,1.000000000000000000000
PRO001970,14,9,14,255.38,303.57,272.35428571428577,15.694131541284461,48.19,0.05762395660536235,0.857142857142857142857
PRO001971,1,1,1,216.73,216.73,216.73,,0.00,,0E-21
PRO001972,2,2,2,305.28,329.72,317.5,17.281689732199137,24.44,0.05443051884157209,1.000000000000000000000
PRO001973,16,10,16,105.41,128.61,118.57687499999999,7.605933402066456,23.20,0.06414347993288284,0.875000000000000000000
PRO001974,3,1,3,156.37,157.83,157.0,0.7502666192790713,1.46,0.0047787682756628745,1.000000000000000000000
PRO001975,44,9,40,265.62,329.28,299.46909090909094,18.87155171867402,63.66,0.06301669284594986,0.931818181818181818181
PRO001976,4,4,4,22.39,24.39,23.6025,0.8560909219625553,2.00,0.03627119677841565,0.750000000000000000000
PRO001978,13,3,9,162.84,195.35,180.24538461538467,10.041054572257977,32.51,0.05570769311893345,0.769230769230769230769
PRO001979,12,4,11,252.89,306.37,279.93916666666667,15.265213251247543,53.48,0.054530466147398246,0.750000000000000000000
PRO001980,19,9,15,80.81,101.80,91.66526315789474,6.298597170464846,20.99,0.0687130211977401,0.631578947368421052631
PRO001981,2,1,2,153.20,155.77,154.485,1.8172644276482133,2.57,0.011763371380057695,0.500000000000000000000
PRO001983,2,2,2,302.56,362.99,332.775,42.73046278710323,60.43,0.12840646919721502,1.000000000000000000000
PRO001985,13,7,13,86.79,112.87,99.51076923076924,8.834298181461595,26.08,0.08877730772007723,0.846153846153846153846
PRO001986,3,3,3,215.59,250.21,228.13,19.180583932717198,34.62,0.08407742924085915,1.000000000000000000000
PRO001987,6,4,6,260.06,289.78,276.8233333333333,12.53060041125977,29.72,0.04526569440651597,1.000000000000000000000
PRO001988,1,1,1,133.46,133.46,133.46,,0.00,,1.000000000000000000000
PRO001989,4,4,4,122.07,145.59,136.5025,10.09662443591901,23.52,0.07396658988603878,0.750000000000000000000
PRO001990,10,6,10,57.85,77.96,68.03799999999998,6.78653863664439,20.11,0.09974629819577871,0.800000000000000000000
PRO001991,1,1,1,289.11,289.11,289.11,,0.00,,1.000000000000000000000
PRO001992,28,11,25,192.62,241.61,221.93678571428566,17.25881697451499,48.99,0.07776456218814234,0.964285714285714285714
PRO001993,8,4,8,294.58,370.83,327.95125,25.701985714003392,76.25,0.0783713607251181,0.750000000000000000000
PRO001994,6,4,6,141.67,165.76,154.34166666666667,9.642282751851925,24.09,0.062473620766817714,1.000000000000000000000
PRO001995,4,3,4,147.69,190.63,164.27,19.862480543309065,42.94,0.12091362113172864,0.750000000000000000000
PRO001997,11,7,11,40.13,52.91,46.018181818181816,4.666580800075859,12.78,0.10140732674996927,0.818181818181818181818
PRO001998,11,7,11,109.98,127.09,119.89272727272727,7.015071048691064,17.11,0.05851123090004831,0.818181818181818181818
PRO001999,33,12,25,108.85,134.71,121.07363636363637,7.415817899168843,25.86,0.06125047633735838,0.757575757575757575757
PRO002000,7,6,7,138.17,165.52,152.01285714285717,8.820874322283398,27.35,0.058027159597387225,0.571428571428571428571
PRO002001,2,2,2,242.97,266.19,254.57999999999998,16.419019459152,23.22,0.06449453790223898,1.000000000000000000000
PRO002002,12,6,10,210.22,247.87,225.5008333333333,14.271594456588696,37.65,0.0632884333313862,0.750000000000000000000
PRO002003,85,20,77,261.20,353.12,299.6902352941177,21.705431017564827,91.92,0.07242622034803034,0.858823529411764705882
PRO002004,8,4,8,264.92,320.60,292.895,18.033465715560222,55.68,0.061569728795507685,0.625000000000000000000
PRO002005,25,11,23,112.89,151.27,131.16639999999998,8.89549693196925,38.38,0.06781841181864602,0.840000000000000000000
PRO002006,5,4,5,79.90,87.86,83.858,3.726582885164251,7.96,0.04443920538486788,0.800000000000000000000
PRO002007,20,9,18,45.31,59.43,51.253,3.229640846905456,14.12,0.06301369377217833,0.850000000000000000000
PRO002008,3,3,3,75.12,86.50,80.94,5.694453441727565,11.38,0.07035400842262868,1.000000000000000000000
PRO002009,4,2,4,213.98,222.93,217.6575,3.76935339282481,8.95,0.017317819936481904,1.000000000000000000000
PRO002010,20,13,19,139.70,173.01,159.028,11.316798226762687,33.31,0.07116229988909303,0.950000000000000000000
PRO002011,11,6,10,203.75,264.90,233.30818181818185,16.376411583848906,61.15,0.070192187244471,0.727272727272727272727
PRO002012,9,5,9,260.88,308.55,288.8033333333334,15.673353980560991,47.67,0.05426998989125583,0.777777777777777777777
PRO002013,10,5,9,158.81,193.55,173.42199999999997,10.803184509928993,34.74,0.06229419860184403,0.900000000000000000000
PRO002014,6,3,6,329.61,395.30,365.4533333333333,22.27903558654861,65.69,0.06096273738520726,0.833333333333333333333
PRO002015,9,7,9,75.59,85.77,80.16333333333333,3.8506882501705904,10.18,0.04803553058552028,1.000000000000000000000
PRO002016,11,6,10,51.21,61.99,57.116363636363644,4.249092309487273,10.78,0.07439360699745336,0.909090909090909090909
PRO002017,7,4,7,71.03,78.74,74.37714285714286,2.9589340101108315,7.71,0.03978284048627808,1.000000000000000000000
PRO002018,5,2,5,160.26,175.12,164.836,6.066636629961813,14.86,0.03680407574778454,0.800000000000000000000
PRO002019,2,2,2,289.52,304.63,297.075,10.68438346372965,15.11,0.0359652729570972,0.500000000000000000000
PRO002020,20,6,19,186.33,230.10,206.72949999999997,14.040752519569796,43.77,0.06791847568716511,0.850000000000000000000
PRO002021,2,2,2,346.05,353.21,349.63,5.062884553294903,7.16,0.014480692598732667,0.500000000000000000000
PRO002022,5,3,5,16.57,19.21,17.656,0.9990895855728091,2.64,0.05658640607005036,1.000000000000000000000
PRO002023,7,4,6,111.40,143.78,130.99571428571429,13.810700992519052,32.38,0.1054286475540458,0.714285714285714285714
PRO002024,6,4,5,239.29,287.08,264.905,23.24162107082923,47.79,0.08773568287057334,1.000000000000000000000
PRO002025,13,6,11,230.80,276.39,254.2861538461539,15.078922672867822,45.59,0.059299031601975256,0.846153846153846153846
PRO002027,3,3,3,109.13,117.58,111.95333333333333,4.8728465329139885,8.45,0.04352569403543728,1.000000000000000000000
PRO002028,7,4,7,100.30,120.12,112.03285714285714,8.368611422622998,19.82,0.07469783094036314,1.000000000000000000000
PRO002029,12,8,12,97.92,137.10,119.55333333333336,14.930605743866534,39.18,0.12488657009869959,1.000000000000000000000
PRO002030,6,4,5,179.69,215.56,196.37,13.772234386619939,35.87,0.07013410595620481,0.666666666666666666666
PRO002031,1,1,1,185.64,185.64,185.64,,0.00,,1.000000000000000000000
PRO002032,5,3,5,184.65,228.36,205.006,18.918076805003547,43.71,0.09228060059219509,0.800000000000000000000
PRO002033,16,7,12,216.30,269.32,237.17187499999994,13.929108235993851,53.02,0.058730016938112306,0.687500000000000000000
PRO002034,11,7,10,237.60,294.14,261.29727272727274,20.29813739775604,56.54,0.07768216325373622,0.727272727272727272727
PRO002035,6,4,6,296.98,318.07,306.1716666666667,8.155764627958591,21.09,0.02663788167191148,0.833333333333333333333
PRO002036,6,3,6,10.75,12.24,11.780000000000001,0.5795170403016308,1.49,0.04919499493222672,0.833333333333333333333
PRO002037,6,4,5,147.81,171.25,159.54,8.802522365776987,23.44,0.05517439116069316,1.000000000000000000000
PRO002038,3,2,3,322.31,349.97,335.09999999999997,13.946816841129392,27.66,0.04161986523762875,1.000000000000000000000
PRO002039,4,3,4,325.05,342.30,335.9625,7.540624974100613,17.25,0.02244484123704465,0.750000000000000000000
PRO002040,1,1,1,49.36,49.36,49.36,,0.00,,1.000000000000000000000
PRO002041,9,4,7,44.17,58.31,50.757777777777775,5.171870497648218,14.14,0.10189316246844263,1.000000000000000000000
PRO002043,5,2,5,161.31,169.11,164.916,3.311643096712672,7.80,0.020080787168696018,0.800000000000000000000
PRO002044,14,4,13,263.73,317.04,295.94571428571425,15.30729726145489,53.31,0.05172332803804957,0.857142857142857142857
PRO002045,5,3,5,284.93,312.55,303.392,11.050580075271938,27.62,0.03642343923133088,0.800000000000000000000
PRO002046,25,14,19,262.47,310.90,282.8212,12.53197022286135,48.43,0.04431057580853681,0.760000000000000000000
PRO002047,11,6,10,68.39,79.87,75.22818181818182,4.271479411589979,11.48,0.05678030903250688,0.636363636363636363636
PRO002048,82,8,68,230.32,323.78,276.96621951219504,19.40617686063734,93.46,0.07006694496829377,0.853658536585365853658
PRO002049,59,18,49,235.26,318.31,278.9264406779661,16.291692696153433,83.05,0.05840856340673335,0.898305084745762711864
PRO002050,5,3,5,291.67,326.61,304.51800000000003,14.46515018933367,34.94,0.04750179033532884,1.000000000000000000000
PRO002051,58,17,51,237.86,312.25,272.56051724137933,19.480938629932684,74.39,0.07147381002612489,0.862068965517241379310
PRO002052,5,4,5,68.60,84.06,79.31800000000001,6.2393044484139795,15.46,0.07866189828808062,1.000000000000000000000
PRO002053,21,9,21,156.61,220.61,190.7447619047619,15.539274313508981,64.00,0.08146632263101243,0.904761904761904761904
PRO002054,5,5,5,79.21,86.50,84.44399999999999,2.998654698361213,7.29,0.03551057148360112,0.800000000000000000000
PRO002055,1,1,1,91.63,91.63,91.63,,0.00,,1.000000000000000000000
PRO002056,1,1,1,211.76,211.76,211.76,,0.00,,1.000000000000000000000
PRO002057,1,1,1,285.87,285.87,285.87,,0.00,,1.000000000000000000000
PRO002058,22,10,22,139.78,169.03,155.36272727272728,7.6822796603105195,29.25,0.04944737901533403,0.863636363636363636363
PRO002059,3,3,2,273.24,298.13,289.8333333333333,14.3702482001297,24.89,0.049581074871062794,0.666666666666666666666
PRO002061,9,4,8,153.69,206.38,189.32333333333332,17.420073909143113,52.69,0.0920122924228909,1.000000000000000000000
PRO002062,11,7,11,185.99,225.68,206.8018181818182,13.39336165283515,39.69,0.06476423549168138,0.909090909090909090909
PRO002063,4,4,4,158.12,168.20,163.96999999999997,4.738734008151423,10.08,0.028900006148389484,0.750000000000000000000
PRO002064,1,1,1,82.84,82.84,82.84,,0.00,,1.000000000000000000000
PRO002065,6,3,6,302.80,357.01,322.6416666666666,18.445252415369286,54.21,0.05716946792996138,1.000000000000000000000
PRO002066,3,3,3,81.40,82.51,82.10666666666667,0.6140304009822912,1.11,0.0074784475598687625,1.000000000000000000000
PRO002068,17,9,15,256.30,309.74,278.28588235294114,17.464722320589377,53.44,0.06275820452307179,0.823529411764705882352
PRO002069,22,12,21,200.05,256.07,231.60999999999996,15.465599306356632,56.02,0.06677431590327117,0.772727272727272727272
PRO002070,4,2,4,17.04,17.92,17.58,0.3860915262820003,0.88,0.02196197532889649,1.000000000000000000000
PRO002071,1,1,1,88.94,88.94,88.94,,0.00,,1.000000000000000000000
PRO002072,9,6,9,191.87,222.74,204.03555555555556,10.832364828502646,30.87,0.05309057433155649,0.777777777777777777777
PRO002073,6,4,5,108.38,133.26,122.65666666666665,9.369014177952304,24.88,0.07638405993384492,1.000000000000000000000
PRO002074,8,5,8,150.40,175.13,165.29500000000002,7.598268599771651,24.73,0.045967927643132886,0.875000000000000000000
PRO002076,5,3,5,255.39,291.61,281.646,15.197566581528156,36.22,0.05395981686772812,0.800000000000000000000
PRO002077,1,1,1,198.15,198.15,198.15,,0.00,,1.000000000000000000000
PRO002078,16,7,15,142.28,174.91,155.1525,8.936623150459756,32.63,0.05759896328102838,0.812500000000000000000
PRO002079,4,3,4,147.77,175.16,161.1675,12.141895445111045,27.39,0.07533712097731271,0.750000000000000000000
PRO002080,6,4,5,32.37,35.83,33.68666666666666,1.1734166637077155,3.46,0.03483326727808378,0.833333333333333333333
PRO002081,3,2,3,143.60,166.76,156.33666666666667,11.752022520967952,23.16,0.0751712491480008,1.000000000000000000000
PRO002082,5,4,5,89.71,100.93,93.256,4.7657297447505815,11.22,0.05110373321556341,0.600000000000000000000
PRO002084,17,12,15,10.74,13.30,11.929999999999996,0.7265586693448128,2.56,0.060901816374250885,1.000000000000000000000
PRO002085,5,2,3,143.77,177.37,152.58599999999998,14.100229785361961,33.60,0.09240841089852256,1.000000000000000000000
PRO002087,20,10,19,244.48,288.71,269.13849999999996,12.288231115476998,44.23,0.045657648814558305,1.000000000000000000000
PRO002088,16,10,16,206.87,257.74,221.03062499999996,12.477690741880808,50.87,0.05645231624296774,0.937500000000000000000
PRO002089,18,10,16,11.85,16.25,14.0,1.185976886988366,4.40,0.08471263478488329,0.666666666666666666666
PRO002090,20,8,19,142.77,180.66,161.66900000000004,11.822789278160336,37.89,0.07312959985006608,0.900000000000000000000
PRO002091,2,2,2,244.76,264.50,254.63,13.9582878606222,19.74,0.05481792349928209,1.000000000000000000000
PRO002092,3,3,3,124.74,132.69,127.66000000000001,4.374894284437022,7.95,0.03426989099512002,0.666666666666666666666
PRO002093,5,3,5,127.02,148.00,135.86399999999998,9.51008044130042,20.98,0.06999705912751297,1.000000000000000000000
PRO002094,33,12,28,240.58,302.31,276.64757575757574,14.206171200904036,61.73,0.05135115014834903,0.909090909090909090909
PRO002095,2,2,2,299.15,314.47,306.81,10.83287588777812,15.32,0.035308092590782963,1.000000000000000000000
PRO002096,85,14,67,134.05,174.10,152.73858823529415,8.815516238690929,40.05,0.05771636585451874,0.811764705882352941176
PRO002097,2,2,2,200.11,203.67,201.89,2.51730014102502,3.56,0.012468671757021252,0E-21
PRO002098,16,9,16,170.37,213.35,188.35562499999995,13.35295071947358,42.98,0.07089223228387039,0.812500000000000000000
PRO002099,11,4,11,131.33,155.97,146.14545454545456,9.560859128380075,24.64,0.06542016074407864,0.909090909090909090909
PRO002100,5,4,5,233.92,274.62,253.796,16.887268281164015,40.70,0.0665387487634321,0.600000000000000000000
PRO002101,36,11,31,140.87,181.74,159.60611111111112,10.577008563801401,40.87,0.06626944601411991,0.805555555555555555555
PRO002102,2,2,2,166.84,195.38,181.11,20.180827535063912,28.54,0.11142856570627746,1.000000000000000000000
PRO002103,7,3,5,160.90,182.79,172.18571428571428,10.748106588515792,21.89,0.06242159306364436,0.571428571428571428571
PRO002104,1,1,1,173.49,173.49,173.49,,0.00,,1.000000000000000000000
PRO002105,4,4,4,292.03,353.61,336.0725,29.436537811593023,61.58,0.0875898438925917,1.000000000000000000000
PRO002106,1,1,1,143.68,143.68,143.68,,0.00,,1.000000000000000000000
PRO002107,11,6,11,149.61,182.78,167.22545454545454,12.222572858147592,33.17,0.07309038502164933,0.909090909090909090909
PRO002108,3,2,3,286.17,306.29,298.9666666666667,11.120774853098906,20.12,0.03719737379785563,0.666666666666666666666
PRO002110,4,2,4,231.90,285.92,250.25750000000002,25.270006430549053,54.02,0.10097602042116241,1.000000000000000000000
PRO002111,2,2,2,246.72,278.57,262.645,22.521350980791382,31.85,0.08574825708005629,0.500000000000000000000
PRO002112,67,11,53,116.41,157.11,134.4398507462687,10.34919430219801,40.70,0.07698010853738801,0.865671641791044776119
PRO002113,8,5,8,145.41,180.21,164.5725,11.885014273686062,34.80,0.0722174985109059,0.750000000000000000000
PRO002116,29,6,28,251.85,318.85,272.9527586206897,18.471754866079316,67.00,0.0676738163754875,0.931034482758620689655
PRO002117,15,8,15,210.63,254.98,236.96200000000002,15.629284418314523,44.35,0.06595692312824217,0.866666666666666666666
PRO002118,10,6,10,241.44,266.52,250.10200000000003,8.370015000648959,25.08,0.03346640570906653,0.700000000000000000000
PRO002120,119,11,104,207.34,257.96,237.5467226890756,13.00581031232131,50.62,0.05475053566343909,0.831932773109243697478
PRO002121,2,2,2,110.46,128.57,119.51499999999999,12.805703807288499,18.11,0.10714725187038028,1.000000000000000000000
PRO002122,11,6,11,118.95,143.80,131.99272727272725,7.9016088120196315,24.85,0.05986397110874977,0.818181818181818181818
PRO002123,1,1,1,286.35,286.35,286.35,,0.00,,1.000000000000000000000
PRO002124,26,8,24,208.30,275.97,246.00692307692316,17.210378443072987,67.67,0.06995891915485454,0.846153846153846153846
PRO002125,6,3,6,282.17,328.90,300.7583333333334,16.34690480386595,46.73,0.0543522921632516,0.666666666666666666666
PRO002126,12,6,12,220.69,275.03,245.72166666666666,14.533295836760685,54.34,0.05914535756619217,0.916666666666666666666
PRO002128,13,8,13,233.66,284.12,258.39538461538456,18.98179593513522,50.46,0.07346027470029767,0.846153846153846153846
PRO002129,6,5,6,130.12,142.41,135.62333333333333,5.053943674662696,12.29,0.03726455876321205,1.000000000000000000000
PRO002130,3,3,3,166.54,194.78,180.37333333333333,14.128727236851134,28.24,0.07833046590507356,1.000000000000000000000
PRO002131,10,5,9,33.66,41.78,38.186,2.680697255897732,8.12,0.07020104896814884,0.800000000000000000000
PRO002132,2,2,2,212.31,214.97,213.64,1.8809040379576834,2.66,0.0088040818103243,1.000000000000000000000
PRO002133,2,2,2,32.90,34.08,33.489999999999995,0.8343860018003162,1.18,0.024914481988662775,1.000000000000000000000
PRO002134,6,4,6,25.79,29.98,27.616666666666664,1.7864004776832119,4.19,0.06468559363970593,1.000000000000000000000
PRO002135,11,7,11,11.57,14.89,13.435454545454542,1.2257190839370082,3.32,0.09123019096899042,0.727272727272727272727
PRO002136,1,1,1,63.68,63.68,63.68,,0.00,,1.000000000000000000000
PRO002137,14,6,14,58.00,70.89,64.56714285714285,5.032924564339264,12.89,0.0779486956000948,0.928571428571428571428
PRO002138,4,3,4,332.99,379.90,352.81,20.809941534436707,46.91,0.05898342318652166,1.000000000000000000000
PRO002139,8,6,8,204.34,238.92,220.995,11.066585484498459,34.58,0.05007618038642711,0.875000000000000000000
PRO002140,6,4,4,24.87,26.03,25.74666666666667,0.44938476461342464,1.16,0.01745409494873477,1.000000000000000000000
PRO002141,3,3,3,160.36,168.29,164.54999999999998,3.9841059222872506,7.93,0.024212129579381653,1.000000000000000000000
PRO002142,27,14,23,117.92,135.40,128.72407407407408,3.90238808468989,17.48,0.030315914973637847,0.962962962962962962962
PRO002143,11,7,10,107.09,134.10,124.01818181818182,9.38685124861543,27.01,0.07568931515523364,0.909090909090909090909
PRO002144,8,4,8,320.28,365.99,337.17499999999995,14.015199911933635,45.71,0.04156654530120453,0.875000000000000000000
PRO002145,11,5,11,75.89,90.41,81.68909090909091,5.235502754360069,14.52,0.06409059883144601,1.000000000000000000000
PRO002146,6,3,6,207.27,229.03,216.3283333333333,7.869618584575276,21.76,0.03637812238145078,1.000000000000000000000
PRO002147,22,8,21,60.78,81.72,73.33772727272728,5.7660979062910105,20.94,0.07862389687708932,0.772727272727272727272
PRO002148,5,5,5,160.55,195.96,183.16000000000003,14.323304437174906,35.41,0.0782010506506601,0.800000000000000000000
PRO002149,11,6,11,195.47,249.42,225.95090909090905,18.36768273601567,53.95,0.08129059011055194,0.909090909090909090909
PRO002150,11,9,11,200.76,251.94,224.7318181818182,18.98295278305358,51.18,0.08446935968673343,1.000000000000000000000
PRO002151,2,2,2,91.09,95.02,93.055,2.778929650062678,3.93,0.029863302886063918,0.500000000000000000000
PRO002152,4,2,4,137.10,161.10,152.8125,11.237316924723082,24.00,0.07353663427221649,1.000000000000000000000
PRO002153,8,6,7,238.36,281.75,258.09999999999997,17.67582691539134,43.39,0.06848441269039653,0.750000000000000000000
PRO002154,2,2,2,130.30,138.26,134.28,5.628569978245088,7.96,0.04191666650465511,1.000000000000000000000
PRO002155,9,4,9,197.55,233.12,215.87555555555556,12.613330360288144,35.57,0.058428710595916006,0.666666666666666666666
PRO002156,4,2,4,266.65,276.87,270.565,4.412727803373332,10.22,0.016309307572573435,1.000000000000000000000
PRO002157,4,3,4,221.09,258.40,240.4225,15.53713696277336,37.31,0.06462430497467317,0.750000000000000000000
PRO002158,44,17,41,221.94,275.24,246.13340909090903,16.49222536258169,53.30,0.06700522868267066,0.863636363636363636363
PRO002159,4,3,4,141.06,156.75,146.835,7.3176430631724125,15.69,0.04983582295210551,1.000000000000000000000
PRO002160,3,2,3,270.12,287.89,278.35999999999996,8.954959519730163,17.77,0.03217042506010262,0.666666666666666666666
PRO002161,7,5,7,147.75,158.03,152.7657142857143,3.929456523671086,10.28,0.02572211010856737,1.000000000000000000000
PRO002163,2,2,2,157.04,171.97,164.505,10.557104243115015,14.93,0.06417497488292158,0.500000000000000000000
PRO002164,8,7,8,135.31,156.48,145.16125,7.567999240221928,21.17,0.05213512035906227,0.750000000000000000000
PRO002165,11,7,9,328.04,394.39,349.90181818181816,22.339162839365144,66.35,0.0638440890517383,0.909090909090909090909
PRO002166,16,8,15,261.20,325.44,304.26,21.129922542845627,64.24,0.06944692875450478,0.937500000000000000000
PRO002167,17,10,17,156.66,183.74,174.86470588235295,9.33206643624979,27.08,0.05336735271512309,0.941176470588235294117
PRO002168,40,11,38,213.21,269.06,231.44899999999993,16.001263860340558,55.85,0.06913516092245187,0.850000000000000000000
PRO002169,18,8,17,192.05,244.21,210.54944444444448,13.374315803158417,52.16,0.06352102157499333,0.777777777777777777777
PRO002170,8,7,5,240.32,284.68,274.44624999999996,15.975001844400843,44.36,0.05820812579658438,0.750000000000000000000
PRO002171,1,1,1,117.50,117.50,117.5,,0.00,,1.000000000000000000000
PRO002173,5,3,4,105.59,115.34,111.428,3.6803491682182097,9.75,0.0330289439657735,1.000000000000000000000
PRO002174,3,2,3,138.52,154.34,149.01333333333335,9.087845362533699,15.82,0.06098679332408977,0.666666666666666666666
PRO002175,8,4,8,57.77,64.86,60.51625000000001,2.4857188526229295,7.09,0.041075229423880845,1.000000000000000000000
PRO002177,4,2,4,58.19,65.92,62.352500000000006,3.3603310848782493,7.73,0.05389248361939375,0.750000000000000000000
PRO002178,29,8,23,97.60,134.05,110.62586206896552,9.425723358842854,36.45,0.08520361498260454,0.896551724137931034482
PRO002179,4,4,4,45.10,51.04,47.6275,2.9259229313160118,5.94,0.061433477115448255,1.000000000000000000000
PRO002181,16,10,16,99.05,120.39,108.61187500000001,6.742760284185871,21.34,0.062081243733117304,0.937500000000000000000
PRO002182,2,2,2,86.50,93.09,89.795,4.659833688019401,6.59,0.05189413317021439,1.000000000000000000000
PRO002183,2,1,2,23.56,25.70,24.63,1.5132085117392162,2.14,0.06143761720419067,0.500000000000000000000
PRO002186,2,2,2,134.80,137.44,136.12,1.8667619023339945,2.64,0.013714089790875657,1.000000000000000000000
PRO002187,4,4,4,140.79,157.27,146.4025,7.3980059250224,16.48,0.05053196444748143,1.000000000000000000000
PRO002188,15,3,11,141.83,171.12,157.41666666666663,9.16276523035874,29.29,0.058207084576127534,0.933333333333333333333
PRO002189,2,2,2,78.72,83.45,81.08500000000001,3.3446150750119843,4.73,0.04124825892596638,1.000000000000000000000
PRO002190,3,2,3,16.26,17.56,17.11,0.7365459931328241,1.30,0.0430476910071785,1.000000000000000000000
PRO002191,10,6,9,59.16,73.87,67.55499999999998,4.891205827242215,14.71,0.07240331325945107,0.800000000000000000000
PRO002192,1,1,1,138.67,138.67,138.67,,0.00,,1.000000000000000000000
PRO002193,5,3,5,55.73,65.06,59.706,3.4629366150711074,9.33,0.057999809316837625,1.000000000000000000000
PRO002194,5,4,5,101.97,113.68,105.58599999999998,4.710226109222868,11.71,0.04461032816114701,1.000000000000000000000
PRO002195,1,1,1,108.76,108.76,108.76,,0.00,,1.000000000000000000000
PRO002196,11,6,11,129.80,149.41,142.25363636363636,6.477410397261285,19.61,0.04553423422304216,1.000000000000000000000
PRO002197,8,7,8,128.34,147.14,136.62875000000003,7.522251633842524,18.80,0.0550561403353432,0.875000000000000000000
PRO002198,3,3,3,121.61,127.43,124.85000000000001,2.965602805501719,5.82,0.023753326435736636,1.000000000000000000000
PRO002199,19,12,18,27.26,34.71,31.383684210526315,2.3029696059323173,7.45,0.07338111072249079,0.631578947368421052631
PRO002200,18,10,18,98.86,122.88,111.11222222222224,7.701089728507905,24.02,0.06930911446542648,0.777777777777777777777
PRO002202,7,3,7,115.75,138.02,123.07142857142857,7.095318711590748,22.27,0.05765203828338391,0.714285714285714285714
PRO002203,40,7,36,135.16,164.51,149.04225,9.1664008784314,29.35,0.06150202964885058,0.875000000000000000000
PRO002204,2,1,2,68.11,70.93,69.52000000000001,1.9940411229453956,2.82,0.028682985082643775,0.500000000000000000000
PRO002205,16,8,15,106.45,143.89,124.03187499999999,10.687823737787065,37.44,0.08616997636927658,0.750000000000000000000
PRO002206,7,4,7,68.36,89.06,77.15714285714286,7.077981619750387,20.70,0.09173462569570952,0.714285714285714285714
PRO002207,3,3,3,76.04,80.86,78.66000000000001,2.43729358100322,4.82,0.030985171383208998,1.000000000000000000000
PRO002208,1,1,1,70.81,70.81,70.81,,0.00,,0E-21
PRO002209,2,2,2,92.07,92.53,92.3,0.3252691193476282,0.46,0.0035240424631379002,1.000000000000000000000
PRO002210,3,3,3,156.10,164.71,160.8166666666667,4.3636490845764255,8.61,0.027134308744386517,1.000000000000000000000
PRO002211,6,5,6,9.18,10.91,10.344999999999999,0.6277180895911959,1.73,0.06067840402041527,0.833333333333333333333
PRO002212,12,7,10,98.45,121.34,109.205,7.8832451785703,22.89,0.0721875846213113,0.833333333333333333333
PRO002213,6,4,6,131.29,142.65,136.9283333333333,4.158487305099948,11.36,0.03036980881799444,0.833333333333333333333
PRO002214,1,1,1,117.14,117.14,117.14,,0.00,,1.000000000000000000000
PRO002215,2,2,2,142.99,153.79,148.39,7.636753236815647,10.80,0.0514640692554461,0.500000000000000000000
PRO002216,4,3,4,102.78,115.50,109.4075,6.988272914914807,12.72,0.06387380129255131,1.000000000000000000000
PRO002217,5,2,5,108.83,118.84,113.06599999999999,4.170471196400273,10.01,0.03688528113137701,0.800000000000000000000
PRO002218,31,9,27,115.75,151.47,134.44354838709677,9.949424287661865,35.72,0.07400447553656476,0.935483870967741935483
PRO002219,10,6,10,78.14,90.19,85.90899999999999,4.071566583570263,12.05,0.04739394689229608,0.900000000000000000000
PRO002220,4,2,3,69.64,77.49,73.205,4.158272878651924,7.85,0.0568031265439782,0.500000000000000000000
PRO002222,10,6,10,11.31,14.55,13.330000000000002,1.0669270515519305,3.24,0.08003953875108255,0.800000000000000000000
PRO002223,5,4,4,17.22,19.41,18.497999999999998,0.9006497654471488,2.19,0.048689034784687474,0.600000000000000000000
PRO002224,10,4,10,105.38,120.49,113.21400000000001,4.532360679969153,15.11,0.04003357075952755,1.000000000000000000000
PRO002225,1,1,1,117.00,117.00,117.0,,0.00,,1.000000000000000000000
PRO002226,3,2,3,66.78,75.35,69.93333333333332,4.712030701654493,8.57,0.06737889468524062,1.000000000000000000000
PRO002227,2,2,2,112.57,115.51,114.03999999999999,2.078893936688818,2.94,0.018229515404146072,0.500000000000000000000
PRO002228,3,3,3,31.08,31.79,31.413333333333338,0.35697805721514797,0.71,0.011363902500482213,1.000000000000000000000
PRO002229,1,1,1,62.97,62.97,62.97,,0.00,,1.000000000000000000000
PRO002230,6,3,5,84.04,99.93,91.60000000000001,6.100717990531854,15.89,0.06660172478746565,0.666666666666666666666
PRO002231,1,1,1,125.34,125.34,125.34,,0.00,,1.000000000000000000000
PRO002232,14,9,13,130.36,177.14,152.22571428571428,14.36619788803741,46.78,0.09437431747617436,1.000000000000000000000
PRO002233,2,2,2,131.60,144.77,138.185,9.312596308226523,13.17,0.06739223727775462,1.000000000000000000000
PRO002234,8,4,8,31.61,37.50,34.81875,2.2453662602918536,5.89,0.06448727367558725,1.000000000000000000000
PRO002235,4,3,3,103.08,113.46,106.74499999999999,4.588925073841847,10.38,0.04298960207824111,0.750000000000000000000
PRO002236,28,8,25,99.48,125.67,110.97250000000001,8.199146579347547,26.19,0.07388449011554706,0.928571428571428571428
PRO002237,1,1,1,65.11,65.11,65.11,,0.00,,1.000000000000000000000
PRO002238,22,6,20,94.90,116.76,107.96954545454545,7.856707463340121,21.86,0.07276781086985079,0.909090909090909090909
PRO002239,2,2,2,116.72,136.18,126.45,13.760297961890316,19.46,0.10882007087299578,0.500000000000000000000
PRO002240,12,8,11,16.31,18.58,17.325833333333335,0.851100446302834,2.27,0.049123204057688455,0.833333333333333333333
PRO002241,16,7,14,130.48,175.43,149.08749999999998,11.699893731711486,44.95,0.07847669141753325,0.750000000000000000000
PRO002242,1,1,1,143.48,143.48,143.48,,0.00,,1.000000000000000000000
PRO002243,8,4,6,20.23,25.38,22.13625,1.9129628291512262,5.15,0.08641765561697334,1.000000000000000000000
PRO002244,11,6,9,115.45,146.27,131.9409090909091,8.158168243601825,30.82,0.06183198448315022,0.818181818181818181818
PRO002245,8,5,7,139.07,152.01,145.8275,4.227173152018802,12.94,0.028987489684859178,0.875000000000000000000
PRO002246,2,1,2,106.62,113.32,109.97,4.737615433949838,6.70,0.04308098057606472,1.000000000000000000000
PRO002250,4,1,2,12.92,13.17,13.1075,0.125,0.25,0.009536524890329964,1.000000000000000000000
PRO002251,3,2,3,114.05,135.17,124.35666666666667,10.569112230141636,21.12,0.08499031466058624,0.666666666666666666666
PRO002252,12,8,12,33.06,38.97,36.845,1.685351325661553,5.91,0.045741656280677244,0.666666666666666666666
PRO002254,15,3,15,59.72,73.42,66.82266666666668,4.507385156870833,13.70,0.06745293747936078,0.933333333333333333333
PRO002255,2,2,2,137.37,154.83,146.10000000000002,12.346084399517009,17.46,0.08450434222804248,1.000000000000000000000
PRO002256,1,1,1,173.93,173.93,173.93,,0.00,,1.000000000000000000000
PRO002257,4,2,4,108.78,118.84,115.21000000000001,4.659742482154816,10.06,0.04044564258445288,0.750000000000000000000
PRO002258,3,3,3,58.43,70.10,62.96,6.257499500599232,11.67,0.09938849270329149,1.000000000000000000000
PRO002259,3,3,3,75.03,83.96,79.87,4.511995124110782,8.93,0.056491738125839255,1.000000000000000000000
PRO002260,2,1,2,130.03,135.36,132.695,3.7688791437258904,5.33,0.0284025708860612,1.000000000000000000000
PRO002261,3,2,3,32.45,37.69,35.31666666666667,2.6546060599143058,5.24,0.0751658157597255,1.000000000000000000000
PRO002262,6,4,5,109.57,121.27,113.68,5.287180723220708,11.70,0.0465093307813222,1.000000000000000000000
PRO002263,6,6,6,118.48,130.89,122.17666666666666,4.512137704754716,12.41,0.03693125559780686,0.500000000000000000000
PRO002264,1,1,1,137.82,137.82,137.82,,0.00,,1.000000000000000000000
PRO002265,4,3,4,112.11,121.55,116.95750000000001,3.909572653542865,9.44,0.03342729327783908,0.750000000000000000000
PRO002267,34,13,34,129.89,163.26,147.3923529411765,9.217512337384242,33.37,0.06253724941254518,0.882352941176470588235
PRO002268,4,2,4,45.60,51.93,47.7025,2.9515123242162,6.33,0.06187332580506682,0.750000000000000000000
PRO002270,5,4,5,23.34,27.48,25.48,1.7382030951531153,4.14,0.06821833183489463,1.000000000000000000000
PRO002271,35,15,32,51.06,64.33,56.43857142857143,3.2964099392211788,13.27,0.05840704071316033,0.857142857142857142857
PRO002272,4,3,4,19.87,23.78,21.7375,2.0964950910189684,3.91,0.09644600763744535,1.000000000000000000000
PRO002273,5,5,5,95.12,114.88,103.946,7.6500379084027434,19.76,0.07359627025958425,1.000000000000000000000
PRO002274,11,7,11,28.72,36.61,33.166363636363634,2.4948437735748574,7.89,0.07522210758249989,1.000000000000000000000
PRO002275,11,6,10,80.49,102.70,91.88636363636364,6.728566374388174,22.21,0.07322703944424427,0.818181818181818181818
PRO002276,3,3,3,37.24,39.44,38.32333333333333,1.1003787226828246,2.20,0.028713022249704043,1.000000000000000000000
PRO002277,2,2,2,97.96,101.35,99.655,2.3970919882219626,3.39,0.02405390585742775,1.000000000000000000000
PRO002278,3,3,3,36.86,46.72,42.029999999999994,4.947494315307488,9.86,0.11771340269587173,0.666666666666666666666
PRO002279,5,4,5,14.16,15.35,15.044,0.5042122568918836,1.19,0.03351583733660487,1.000000000000000000000
PRO002280,2,2,2,108.64,118.18,113.41,6.745798692520128,9.54,0.05948151567339854,1.000000000000000000000
PRO002283,4,3,4,82.41,94.41,89.67250000000001,5.119038809515772,12.00,0.05708593838150795,1.000000000000000000000
PRO002284,6,4,6,115.65,137.59,123.61666666666667,7.855654439107363,21.94,0.0635485056419633,1.000000000000000000000
PRO002285,5,3,5,96.01,116.49,105.86800000000001,7.575217488626751,20.48,0.071553420189545,1.000000000000000000000
PRO002289,21,11,20,143.57,182.56,158.02619047619046,11.203630874047542,38.99,0.0708973040499611,0.714285714285714285714
PRO002290,53,17,49,102.98,133.81,117.18716981132074,7.527650409134953,30.83,0.06423613115032113,0.792452830188679245283
PRO002291,26,11,22,10.50,13.01,11.67576923076923,0.7657841632048661,2.51,0.06558746991905168,0.846153846153846153846
PRO002292,3,1,3,96.74,101.59,98.43666666666667,2.733502027314678,4.85,0.027769144566536976,1.000000000000000000000
PRO002293,2,1,2,134.46,138.01,136.235,2.510229073210157,3.55,0.01842572814042028,1.000000000000000000000
PRO002294,1,1,1,116.11,116.11,116.11,,0.00,,1.000000000000000000000
PRO002295,2,1,2,26.84,30.98,28.91,2.9274220741123043,4.14,0.10125984344905929,1.000000000000000000000
PRO002296,2,2,2,138.94,157.99,148.465,13.470384181603936,19.05,0.09073104220930142,1.000000000000000000000
PRO002297,1,1,1,88.35,88.35,88.35,,0.00,,1.000000000000000000000
PRO002298,2,1,2,110.94,112.99,111.965,1.449568901431067,2.05,0.012946625297468558,1.000000000000000000000
PRO002299,9,3,8,69.38,79.15,73.97888888888889,3.7309765626589675,9.77,0.05043298998803068,0.666666666666666666666
PRO002300,9,5,9,60.75,67.89,64.05777777777777,1.8701522516748483,7.14,0.02919477254054263,1.000000000000000000000
PRO002301,14,6,12,157.35,179.40,166.97785714285712,8.086602575173526,22.05,0.04842919123255409,0.857142857142857142857
PRO002302,1,1,1,90.40,90.40,90.4,,0.00,,1.000000000000000000000
PRO002303,3,3,3,13.15,13.33,13.253333333333332,0.09291573243194144,0.18,0.0070107443987883385,1.000000000000000000000
PRO002304,1,1,1,107.52,107.52,107.52,,0.00,,0E-21
PRO002305,1,1,1,116.03,116.03,116.03,,0.00,,1.000000000000000000000
PRO002306,8,4,8,106.06,120.10,114.04375,4.831051164823373,14.04,0.042361384686345135,1.000000000000000000000
PRO002307,12,6,11,162.99,181.35,172.73333333333332,5.372594317178895,18.36,0.03110340206780526,0.750000000000000000000
PRO002308,52,14,43,105.41,130.29,119.72346153846152,6.902880298126585,24.88,0.05765687200673708,0.826923076923076923076
PRO002309,3,3,3,157.30,171.29,162.28,7.817333304906312,13.99,0.04817188381135268,1.000000000000000000000
PRO002310,17,8,17,71.09,91.86,78.87941176470588,5.617585636405818,20.77,0.07121738753786414,0.882352941176470588235
PRO002311,1,1,1,31.36,31.36,31.36,,0.00,,1.000000000000000000000
PRO002312,1,1,1,76.19,76.19,76.19,,0.00,,1.000000000000000000000
PRO002313,3,1,3,25.24,28.76,26.52,1.9464840096954399,3.52,0.07339683294477527,1.000000000000000000000
PRO002314,1,1,1,46.05,46.05,46.05,,0.00,,1.000000000000000000000
PRO002315,6,4,6,50.86,57.10,53.64166666666667,2.014044852198156,6.24,0.03754627656731066,0.833333333333333333333
PRO002316,3,2,3,117.78,128.12,123.00666666666666,5.170931573066229,10.34,0.04203781561757814,1.000000000000000000000
PRO002318,9,8,8,110.82,129.02,124.36,5.987127858998977,18.20,0.04814351768252635,1.000000000000000000000
PRO002319,5,4,5,9.65,11.28,10.399999999999999,0.8051397394241866,1.63,0.07741728263694103,0.800000000000000000000
PRO002320,2,1,2,131.50,139.28,135.39,5.501290757631801,7.78,0.04063291792327204,0.500000000000000000000
PRO002321,8,4,7,59.58,72.26,66.23875,5.101541608741025,12.68,0.07701748008138778,0.875000000000000000000
PRO002322,4,2,4,15.65,16.75,16.047500000000003,0.4885608116361058,1.10,0.030444668118778984,1.000000000000000000000
PRO002323,14,8,13,141.10,169.91,157.3235714285714,8.5513711065657,28.81,0.05435530752903244,1.000000000000000000000
PRO002324,3,3,3,76.60,87.79,81.99333333333334,5.605892732949247,11.19,0.06837010406881755,1.000000000000000000000
PRO002325,484,12,276,24.98,35.16,30.554462809917382,2.340469136109314,10.18,0.07659991113801037,0.865702479338842975206
PRO002326,3,2,3,63.27,65.27,64.20666666666666,1.005998674618123,2.00,0.015668134273981775,0.333333333333333333333
PRO002328,12,6,11,51.09,62.32,57.16916666666668,3.6488988583935345,11.23,0.06382634330965468,0.750000000000000000000
PRO002329,1,1,1,111.76,111.76,111.76,,0.00,,0E-21
PRO002330,8,3,8,111.14,138.91,123.92875000000001,8.67733408286872,27.77,0.07001873320652971,0.875000000000000000000
PRO002331,1,1,1,87.58,87.58,87.58,,0.00,,1.000000000000000000000
PRO002333,8,4,8,66.50,77.29,72.43625,4.518416086259739,10.79,0.06237782997131601,0.750000000000000000000
PRO002335,14,7,13,107.88,136.18,122.835,8.796908329285364,28.30,0.07161564968685931,1.000000000000000000000
PRO002336,10,5,10,94.94,122.07,110.75000000000003,8.441725731941911,27.13,0.07622325717329037,0.900000000000000000000
PRO002337,5,2,5,121.68,139.32,128.66199999999998,7.132875997800791,17.64,0.055438870822782114,0.800000000000000000000
PRO002339,2,1,2,58.87,64.94,61.905,4.2921381618022405,6.07,0.06933427286652516,0.500000000000000000000
PRO002340,1,1,1,148.39,148.39,148.39,,0.00,,1.000000000000000000000
PRO002341,3,2,3,93.24,99.43,97.03666666666668,3.3250614029413894,6.19,0.03426603074035302,1.000000000000000000000
PRO002342,4,4,4,134.52,148.59,143.6,6.280461766462952,14.07,0.04373580617314033,1.000000000000000000000
PRO002343,7,7,6,65.45,73.16,69.55142857142856,3.3597144153010507,7.71,0.04830546955409637,0.714285714285714285714
PRO002344,1,1,1,93.38,93.38,93.38,,0.00,,1.000000000000000000000
PRO002346,4,3,4,108.96,128.56,121.2025,8.49582789766042,19.60,0.07009614403713141,1.000000000000000000000
PRO002347,3,2,2,99.28,116.91,111.03333333333335,10.17868524581307,17.63,0.09167233784881178,1.000000000000000000000
PRO002348,9,7,9,144.14,175.97,157.45111111111112,9.949118609762026,31.83,0.06318862115073337,0.888888888888888888888
PRO002349,1,1,1,126.99,126.99,126.99,,0.00,,0E-21
PRO002350,7,3,7,52.39,62.78,57.79428571428571,3.569863942985858,10.39,0.061768458574503186,0.714285714285714285714
PRO002351,2,1,2,129.69,131.36,130.525,1.1808683245814406,1.67,0.009047066267622606,0.500000000000000000000
PRO002352,6,2,6,127.16,141.89,135.99499999999998,6.451984965884926,14.73,0.04744281014658574,0.666666666666666666666
PRO002354,55,16,49,48.08,64.42,57.260727272727266,3.842709236475564,16.34,0.06710898410656076,0.854545454545454545454
PRO002355,2,2,2,28.28,30.02,29.15,1.230365799264571,1.74,0.04220808916859592,0.500000000000000000000
PRO002356,14,8,13,125.59,142.46,132.72071428571428,5.993413646900983,16.87,0.04515808763655892,0.714285714285714285714
PRO002357,1,1,1,41.70,41.70,41.7,,0.00,,1.000000000000000000000
PRO002358,5,4,5,146.47,160.38,155.226,5.533667861373501,13.91,0.035649104282616965,1.000000000000000000000
PRO002359,1,1,1,119.97,119.97,119.97,,0.00,,1.000000000000000000000
PRO002360,4,3,4,139.99,173.53,154.08,14.337424222409199,33.54,0.09305181868126426,0.750000000000000000000
PRO002361,15,8,14,116.62,145.95,132.5086666666667,8.313945141117749,29.33,0.06274265186013805,0.800000000000000000000
PRO002363,25,7,23,63.63,84.38,72.7872,5.203568903486546,20.75,0.07149016452736945,0.760000000000000000000
PRO002364,5,3,5,113.97,130.49,121.856,7.00161981258636,16.52,0.05745814578343586,0.800000000000000000000
PRO002365,2,2,2,55.19,56.79,55.989999999999995,1.1313708498987654,1.60,0.0202066592230535,1.000000000000000000000
PRO002366,2,2,2,112.82,126.03,119.425,9.340880579474442,13.21,0.07821545387878955,1.000000000000000000000
PRO002367,32,9,32,11.79,14.65,13.359687499999998,0.8340978683777829,2.86,0.06243393555259305,0.875000000000000000000
PRO002368,28,14,23,89.64,120.93,106.47357142857143,8.424273224740377,31.29,0.0791207913072763,0.607142857142857142857
PRO002369,3,3,3,49.13,58.61,53.153333333333336,4.899840133446541,9.48,0.09218312053392463,1.000000000000000000000
PRO002370,29,15,26,137.25,170.80,157.11344827586205,7.48001302322252,33.55,0.04760899277119172,0.862068965517241379310
PRO002371,42,11,40,100.11,127.21,114.50214285714281,7.436201343302521,27.10,0.06494377448097374,0.833333333333333333333
PRO002372,4,3,4,141.81,152.19,147.7425,4.680223463325828,10.38,0.03167824737855274,0.750000000000000000000
PRO002374,4,2,4,123.08,130.02,126.88000000000001,3.2922839083730815,6.94,0.025948013149220375,1.000000000000000000000
PRO002375,3,2,3,119.99,129.96,124.42,5.0768395680778555,9.97,0.040804047324207164,0.666666666666666666666
PRO002376,2,2,2,143.27,155.59,149.43,8.711555544218163,12.32,0.058298571533280885,1.000000000000000000000
PRO002379,2,2,2,32.74,32.99,32.865,0.1767766952966369,0.25,0.005378874039149152,1.000000000000000000000
PRO002380,3,1,3,113.56,120.93,117.86000000000001,3.8358701750709487,7.37,0.032545988249371695,1.000000000000000000000
PRO002381,9,5,9,129.87,163.87,143.73777777777778,12.695738239442537,34.00,0.0883256888740166,1.000000000000000000000
PRO002382,2,2,2,67.78,68.37,68.075,0.4171930009017931,0.59,0.006128431889853736,1.000000000000000000000
PRO002383,8,5,8,110.52,133.33,120.08749999999999,7.4579617092840484,22.81,0.062104396454952006,0.625000000000000000000
PRO002384,3,1,3,55.18,58.59,56.413333333333334,1.8906171831794023,3.41,0.03351365841135787,1.000000000000000000000
PRO002386,2,1,2,145.91,154.26,150.08499999999998,5.904341622908436,8.35,0.03933998482798705,0.500000000000000000000
PRO002387,3,3,3,58.98,66.12,62.893333333333324,3.6191895962128844,7.14,0.05754488440024727,0.666666666666666666666
PRO002388,2,1,2,91.81,92.41,92.11,0.4242640687122715,0.60,0.004606058720141912,1.000000000000000000000
PRO002389,2,2,2,127.09,130.60,128.845,2.481944801964498,3.51,0.019263027684151484,1.000000000000000000000
PRO002390,2,2,2,92.16,102.79,97.475,7.516545084013185,10.63,0.07711254253924786,1.000000000000000000000
PRO002391,5,3,5,47.52,60.98,53.05799999999999,4.9318728694079175,13.46,0.09295248349745407,0.800000000000000000000
PRO002392,1,1,1,104.37,104.37,104.37,,0.00,,1.000000000000000000000
PRO002393,2,2,2,101.22,105.41,103.315,2.9627774131717697,4.19,0.028677127359742243,1.000000000000000000000
PRO002394,3,2,3,34.63,37.66,35.79,1.6350229356187858,3.03,0.04568379255710494,1.000000000000000000000
PRO002396,3,3,3,107.04,118.47,114.60000000000001,6.547770612964331,11.43,0.05713586922307443,1.000000000000000000000
PRO002397,11,6,11,81.83,91.49,87.93727272727273,3.205308381135797,9.66,0.0364499407558009,0.909090909090909090909
PRO002398,1,1,1,151.24,151.24,151.24,,0.00,,1.000000000000000000000
PRO002399,1,1,1,83.62,83.62,83.62,,0.00,,1.000000000000000000000
PRO002400,23,8,21,130.85,172.26,149.70956521739134,9.801885012708505,41.41,0.06547267035660222,0.782608695652173913043
PRO002401,1,1,1,146.00,146.00,146.0,,0.00,,1.000000000000000000000
PRO002402,201,12,152,54.19,76.29,65.13825870646765,5.329081013902346,22.10,0.08181184329652975,0.895522388059701492537
PRO002403,30,13,28,45.99,57.16,52.537000000000006,2.7137798426701636,11.17,0.05165464039953106,0.766666666666666666666
PRO002404,4,3,3,44.21,46.50,45.17250000000001,1.150662852446316,2.29,0.025472640488047284,1.000000000000000000000
PRO002406,5,4,5,76.01,85.26,80.77400000000002,3.490777850278921,9.25,0.04321660249930572,0.800000000000000000000
PRO002408,4,3,3,94.66,100.12,98.3825,2.579151992419805,5.46,0.026215556551417225,0.750000000000000000000
PRO002409,4,2,4,65.03,74.97,68.86250000000001,4.636042673084982,9.94,0.06732318276398594,0.750000000000000000000
PRO002410,1,1,1,121.21,121.21,121.21,,0.00,,1.000000000000000000000
PRO002411,1,1,1,123.64,123.64,123.64,,0.00,,1.000000000000000000000
PRO002412,6,4,6,27.60,32.24,30.565,1.9258011319967763,4.64,0.06300674405355067,1.000000000000000000000
PRO002413,6,4,6,102.03,118.37,107.86166666666666,6.130016041306029,16.34,0.05683220212283662,0.833333333333333333333
PRO002414,1,1,1,26.22,26.22,26.22,,0.00,,1.000000000000000000000
PRO002415,1,1,1,118.76,118.76,118.76,,0.00,,0E-21
PRO002417,7,4,4,73.53,83.97,81.43857142857142,3.5847613987150537,10.44,0.044017979881427506,1.000000000000000000000
PRO002418,1,1,1,156.50,156.50,156.5,,0.00,,1.000000000000000000000
PRO002419,3,3,3,117.28,124.42,121.80333333333333,3.9333742935723626,7.14,0.03229282964537667,1.000000000000000000000
PRO002420,8,4,7,85.73,99.39,91.20749999999998,5.251453540279866,13.66,0.05757699246531115,0.875000000000000000000
PRO002421,7,6,7,35.63,45.79,40.480000000000004,3.841358266724559,10.16,0.09489521409892684,0.714285714285714285714
PRO002422,46,11,43,30.47,37.10,35.408043478260886,1.3980186289728396,6.63,0.03948308044275778,0.956521739130434782608
PRO002423,4,4,4,49.70,55.70,52.71,3.3395209237253836,6.00,0.06335649637118922,1.000000000000000000000
PRO002424,7,5,7,44.91,50.66,47.67,1.940171813697701,5.75,0.040700059024495513,1.000000000000000000000
PRO002425,2,2,2,38.90,43.12,41.01,2.9839906166072216,4.22,0.07276251198749627,0.500000000000000000000
PRO002426,2,2,2,31.11,32.20,31.655,0.7707463914934355,1.09,0.024348330168802258,1.000000000000000000000
PRO002427,36,10,34,45.71,59.21,52.71416666666667,3.569868645042337,13.50,0.06772123834596652,0.888888888888888888888
PRO002428,2,2,2,38.54,40.07,39.305,1.0818733752152414,1.53,0.02752508269215727,1.000000000000000000000
PRO002429,6,4,6,18.24,20.80,19.398333333333333,0.8774831432378982,2.56,0.0452349760239487,1.000000000000000000000
PRO002431,4,3,4,42.54,48.05,46.022499999999994,2.4329594461617434,5.51,0.0528645650749469,0.750000000000000000000
PRO002432,9,6,9,49.27,57.80,52.04444444444445,2.7488957378877745,8.53,0.05281823578349694,0.777777777777777777777
PRO002433,3,3,3,54.24,63.22,59.53,4.6989466904828925,8.98,0.07893409525420615,0.666666666666666666666
PRO002436,7,5,7,56.32,65.57,62.28857142857142,3.6664670941359105,9.25,0.05886259726377546,0.857142857142857142857
PRO002437,2,1,2,67.12,68.38,67.75,0.8909545442947494,1.26,0.013150620579996301,1.000000000000000000000
PRO002438,1,1,1,41.97,41.97,41.97,,0.00,,1.000000000000000000000
PRO002439,9,6,9,57.06,70.33,62.309999999999995,5.087292993331687,13.27,0.08164488835390286,0.888888888888888888888
PRO002440,11,11,11,33.93,41.58,38.20090909090909,2.526441982494123,7.65,0.06613565076374991,0.818181818181818181818
PRO002441,15,8,12,19.45,23.44,21.176,1.133287253965219,3.99,0.05351753182684261,0.933333333333333333333
PRO002442,26,9,25,33.25,41.85,37.26923076923077,2.117216895978093,8.60,0.056808709283209934,0.846153846153846153846
PRO002443,5,4,4,38.57,41.28,40.022,1.2082714926707048,2.71,0.03019018271627367,1.000000000000000000000
PRO002445,30,10,23,35.22,42.66,39.574333333333335,2.235928694399023,7.44,0.0564994658423142,0.933333333333333333333
PRO002446,10,6,10,54.68,64.65,59.75699999999999,3.1759654700056017,9.97,0.05314800726284121,1.000000000000000000000
PRO002447,24,13,24,46.88,64.41,56.09541666666667,4.545403774255311,17.53,0.08102986026942742,0.875000000000000000000
PRO002448,6,5,6,53.28,68.84,60.866666666666674,5.988801772196704,15.56,0.09839214302623281,1.000000000000000000000
PRO002449,6,6,6,37.23,43.64,41.50166666666667,2.5392236346305626,6.41,0.061183654502965236,0.833333333333333333333
PRO002450,12,6,9,23.44,28.71,26.296666666666667,1.8831759118976992,5.27,0.07161272323099376,0.666666666666666666666
PRO002451,5,4,5,34.17,39.90,37.272000000000006,2.391133622364071,5.73,0.06415361725595811,1.000000000000000000000
PRO002452,11,5,10,31.29,35.21,33.671818181818175,1.2979662413316662,3.92,0.038547554347170096,0.909090909090909090909
PRO002453,3,2,3,10.42,12.60,11.173333333333334,1.2361769021193012,2.18,0.11063635758824295,1.000000000000000000000
PRO002454,9,6,9,24.37,31.42,28.372222222222224,2.5275471201234168,7.05,0.08908527151404248,0.777777777777777777777
PRO002455,38,12,32,37.19,44.56,41.33973684210526,1.7597796035872093,7.37,0.042568718090988,0.815789473684210526315
PRO002456,3,2,3,36.48,38.08,37.343333333333334,0.8074858099888151,1.60,0.021623292242849642,0.666666666666666666666
PRO002457,3,2,2,34.16,37.81,35.376666666666665,2.1073284825421874,3.65,0.05956831666471839,0.333333333333333333333
PRO002458,2,1,2,41.79,43.73,42.76,1.371787155501943,1.94,0.03208108408563946,1.000000000000000000000
PRO002459,4,3,4,69.42,72.21,71.11500000000001,1.3153579994299822,2.79,0.018496210355480307,1.000000000000000000000
PRO002460,5,3,5,52.17,60.92,55.894000000000005,3.6967323408652413,8.75,0.06613826780808747,0.800000000000000000000
PRO002461,44,11,34,50.44,62.09,57.186136363636365,3.0195627404911485,11.65,0.052802356174060996,0.886363636363636363636
PRO002462,3,3,3,26.53,31.37,29.69666666666667,2.7438901824477724,4.84,0.09239724489104632,1.000000000000000000000
PRO002463,32,9,27,47.88,55.41,52.73124999999999,2.423956709397536,7.53,0.04596812534118831,0.937500000000000000000
PRO002464,6,5,6,45.75,54.54,51.1,3.5134939874716373,8.79,0.06875722088985592,1.000000000000000000000
PRO002465,9,6,9,47.26,59.57,54.873333333333335,3.981369111247958,12.31,0.07255562710329166,0.666666666666666666666
PRO002466,4,3,4,33.55,37.22,35.942499999999995,1.70271107355312,3.67,0.04737319534125673,0.500000000000000000000
PRO002467,4,3,4,38.53,43.25,41.0125,2.025608961933803,4.72,0.04939003869390558,0.750000000000000000000
PRO002468,36,6,26,13.25,16.70,15.39277777777778,0.7873884904674086,3.45,0.05115311231246021,0.916666666666666666666
PRO002469,11,7,10,38.88,47.53,43.31,3.0542200313664742,8.65,0.07051997301700472,1.000000000000000000000
PRO002471,5,2,3,11.41,13.06,12.628,0.7158002514668688,1.65,0.05668358025553284,1.000000000000000000000
PRO002472,15,6,14,48.54,56.97,53.662000000000006,2.7537563954921285,8.43,0.05131669329305893,1.000000000000000000000
PRO002473,9,5,9,32.97,39.39,36.326666666666675,2.270963451929505,6.42,0.06251505189749049,0.888888888888888888888
PRO002475,6,4,6,40.06,47.95,45.78333333333333,3.2046195822074166,7.89,0.0699953312458846,1.000000000000000000000
PRO002476,3,2,3,38.70,39.54,39.2,0.4422668877494203,0.84,0.01128231856503623,1.000000000000000000000
PRO002477,10,4,10,49.22,61.37,53.973,4.349395998935518,12.15,0.08058466268199874,0.900000000000000000000
PRO002479,18,7,13,26.63,30.33,28.304444444444453,1.0269441947274944,3.70,0.03628208272178475,0.944444444444444444444
PRO002480,7,6,7,65.35,78.19,74.23,4.7369891984958015,12.84,0.0638150235551098,0.857142857142857142857
PRO002481,4,4,4,26.58,31.65,28.729999999999997,2.117215152033473,5.07,0.07369353122288456,0.750000000000000000000
PRO002482,6,5,6,27.67,31.96,29.528333333333336,1.6594627644712414,4.29,0.05619899862746203,0.833333333333333333333
PRO002483,2,2,2,48.86,50.21,49.535,0.9545941546018963,1.35,0.019271104362610203,1.000000000000000000000
PRO002485,11,7,10,37.86,47.51,42.200909090909086,2.9483264898769477,9.65,0.06986405159011316,0.909090909090909090909
PRO002486,4,3,3,15.82,16.97,16.3125,0.5844299216615249,1.15,0.03582712163442298,1.000000000000000000000
PRO002487,5,4,5,25.96,31.90,29.026,2.559195185991077,5.94,0.08816906173744495,1.000000000000000000000
PRO002488,12,7,12,30.65,35.02,32.87416666666666,1.4548318136681664,4.37,0.04425456098764988,0.916666666666666666666
PRO002489,1,1,1,39.14,39.14,39.14,,0.00,,1.000000000000000000000
PRO002490,1,1,1,42.36,42.36,42.36,,0.00,,1.000000000000000000000
PRO002491,1,1,1,35.47,35.47,35.47,,0.00,,1.000000000000000000000
PRO002493,13,6,11,62.36,70.16,66.37846153846155,2.482659347533732,7.80,0.037401580120913304,0.769230769230769230769
PRO002494,6,3,6,65.86,74.33,71.78833333333334,3.1619514016925043,8.47,0.04404547723667965,1.000000000000000000000
PRO002495,145,20,97,31.23,41.96,37.034827586206866,2.6012091481788326,10.73,0.07023683699144906,0.868965517241379310344
PRO002496,1,1,1,57.55,57.55,57.55,,0.00,,1.000000000000000000000
PRO002497,108,11,73,40.98,53.17,46.83277777777777,3.0662854124381016,12.19,0.06547306305399334,0.842592592592592592592
PRO002498,22,11,22,55.22,67.68,60.83500000000001,3.8506904142850242,12.46,0.0632972863365665,0.772727272727272727272
PRO002499,7,3,7,11.30,12.62,12.182857142857143,0.559902202344723,1.32,0.045958201411973036,0.714285714285714285714
PRO002500,13,7,13,37.67,50.12,43.51769230769231,3.88167522651014,12.45,0.08919763481631135,0.923076923076923076923
PRO002501,7,5,5,41.80,50.40,46.32999999999999,3.4755766907570944,8.60,0.07501784353026322,1.000000000000000000000
PRO002503,4,3,3,14.89,18.91,16.1475,1.9022158132031088,4.02,0.1178024965600315,1.000000000000000000000
PRO002504,9,5,8,27.68,32.62,30.255555555555556,1.6405419158856285,4.94,0.05422283232820659,0.777777777777777777777
PRO002506,9,6,8,22.95,26.54,24.57,1.3438377878300036,3.59,0.05469425265893381,0.777777777777777777777
PRO002507,2,2,2,31.76,37.50,34.63,4.058792924010753,5.74,0.117204531447033,1.000000000000000000000
PRO002508,2,2,2,38.28,39.17,38.725,0.629325035256255,0.89,0.01625113067156243,0.500000000000000000000
PRO002509,2,1,2,26.38,29.08,27.729999999999997,1.9091883092037332,2.70,0.06884919975491285,0.500000000000000000000
PRO002511,5,3,5,34.35,41.39,38.95399999999999,2.7589273277853223,7.04,0.0708252638441578,1.000000000000000000000
PRO002513,3,2,3,62.78,68.85,64.96333333333332,3.374497493455097,6.07,0.05194464816237515,1.000000000000000000000
PRO002514,2,2,2,43.70,45.37,44.535,1.180868324581826,1.67,0.026515511947498058,0.500000000000000000000
PRO002515,4,3,3,17.05,18.30,17.842499999999998,0.5948879446306408,1.25,0.03334106457226514,1.000000000000000000000
PRO002516,2,2,2,46.52,50.88,48.7,3.0829855659734466,4.36,0.06330565843887981,1.000000000000000000000
PRO002517,14,8,13,34.74,39.73,37.05214285714286,1.7287397747466458,4.99,0.0466569445500608,0.785714285714285714285
PRO002518,7,4,6,23.33,26.46,24.86428571428571,1.2895071040629602,3.13,0.05186181975547672,0.857142857142857142857
PRO002519,20,9,20,47.64,65.92,59.5015,4.236420130996864,18.28,0.07119854341481918,0.850000000000000000000
PRO002520,2,2,2,32.67,37.43,35.05,3.3658282784480678,4.76,0.09602933747355401,1.000000000000000000000
PRO002521,103,19,87,41.42,57.22,48.17058252427184,3.6558293029944724,15.80,0.0758934003165189,0.805825242718446601941
PRO002522,27,11,26,14.70,19.13,17.374814814814815,1.174443797556169,4.43,0.06759460806193844,0.962962962962962962962
PRO002525,10,7,10,29.97,37.83,34.666,2.6503215737801655,7.86,0.07645305411008382,0.900000000000000000000
PRO002526,11,7,10,17.79,20.31,19.29363636363636,0.6727595815338635,2.52,0.03486950665255854,1.000000000000000000000
PRO002528,6,3,6,36.13,45.10,39.953333333333326,3.890910775983895,8.97,0.09738638685092346,0.833333333333333333333
PRO002530,14,7,13,37.16,46.46,42.11357142857143,3.195120335142945,9.30,0.07586913735307795,0.928571428571428571428
PRO002531,2,2,2,14.54,14.81,14.675,0.19091883092022444,0.27,0.013009801084853454,1.000000000000000000000
PRO002532,3,2,3,25.20,34.34,28.94,4.790782817035215,9.14,0.1655419079832486,0.666666666666666666666
PRO002533,5,3,4,21.66,27.08,24.604,2.567903814398052,5.42,0.10436936329044269,0.600000000000000000000
PRO002535,4,1,3,15.64,18.59,16.9525,1.2188621743248707,2.95,0.07189866829817848,0.500000000000000000000
PRO002536,2,2,2,62.19,65.63,63.91,2.4324473272817166,3.44,0.0380605120838948,1.000000000000000000000
PRO002537,3,2,3,56.86,67.34,62.156666666666666,5.24091913058527,10.48,0.08431789237816169,0.666666666666666666666
PRO002539,31,12,24,10.66,14.64,13.265806451612907,0.9450917916390815,3.98,0.07124269414651181,0.870967741935483870967
PRO002540,7,5,6,7.82,8.76,8.215714285714286,0.2992689505477006,0.94,0.03642640677854119,1.000000000000000000000
PRO002541,1,1,1,32.18,32.18,32.18,,0.00,,0E-21
PRO002542,2,1,2,5.33,5.58,5.455,0.17677669529661677,0.25,0.03240636027435688,1.000000000000000000000
PRO002543,1,1,1,9.19,9.19,9.19,,0.00,,1.000000000000000000000
PRO002545,1,1,1,13.84,13.84,13.84,,0.00,,1.000000000000000000000
PRO002546,2,2,2,34.31,36.42,35.365,1.4919953083035347,2.11,0.042188471887559295,1.000000000000000000000
PRO002547,36,10,33,49.57,63.36,54.65055555555554,3.1016059844122954,13.79,0.05675342094664213,0.861111111111111111111
PRO002550,1,1,1,35.04,35.04,35.04,,0.00,,1.000000000000000000000
PRO002551,13,8,12,21.44,27.04,23.983076923076922,2.2560229926997177,5.60,0.09406728752676993,0.923076923076923076923
PRO002553,1,1,1,51.54,51.54,51.54,,0.00,,1.000000000000000000000
PRO002554,12,7,11,30.06,34.43,32.20249999999999,1.6526129448406874,4.37,0.0513193989547609,0.916666666666666666666
PRO002555,2,2,2,30.82,31.24,31.03,0.29698484809820724,0.42,0.00957089423455389,0.500000000000000000000
PRO002556,5,5,5,50.63,56.25,53.976,2.510922141365656,5.62,0.046519233388277306,1.000000000000000000000
PRO002559,2,2,2,25.24,25.47,25.354999999999997,0.1626345596738141,0.23,0.006414299336376025,1.000000000000000000000
PRO002560,669,22,426,53.60,70.60,62.35499252615846,4.048127408618696,17.00,0.06492066223759824,0.832585949177877428998
PRO002561,7,5,7,31.40,38.32,35.21142857142858,2.136807810507842,6.92,0.060685064400985436,0.857142857142857142857
PRO002562,4,2,2,4.16,4.57,4.4675,0.20500000000000013,0.41,0.04588696138780081,1.000000000000000000000
PRO002563,3,3,3,35.28,38.98,37.163333333333334,1.850900681650215,3.70,0.04980448511032958,0.333333333333333333333
PRO002564,12,7,12,18.03,22.25,19.51,1.2486501802856207,4.22,0.06400052179834037,0.916666666666666666666
PRO002565,1,1,1,28.42,28.42,28.42,,0.00,,0E-21
PRO002566,2,2,2,13.96,18.94,16.450000000000003,3.5213917703089965,4.98,0.21406636901574444,1.000000000000000000000
PRO002568,4,3,4,24.11,24.92,24.6,0.34612136599745047,0.81,0.014069974227538636,1.000000000000000000000
PRO002569,2,2,2,10.22,12.04,11.129999999999999,1.2869343417595214,1.82,0.115627523967612,0.500000000000000000000
PRO002571,5,3,5,34.01,38.95,36.136,2.1067937725368377,4.94,0.05830179800024456,1.000000000000000000000
PRO002572,7,4,4,38.32,43.97,40.36571428571428,2.478399060837691,5.65,0.061398617730265566,0.857142857142857142857
PRO002573,3,2,3,18.32,19.89,19.19,0.7986864215698541,1.57,0.041619928169351436,1.000000000000000000000
PRO002574,8,5,8,15.69,18.47,17.026249999999997,0.9370460805867443,2.78,0.0550353765853752,0.750000000000000000000
PRO002575,2,2,2,48.23,50.91,49.56999999999999,1.8950461735801463,2.68,0.03822969888198803,1.000000000000000000000
PRO002577,1,1,1,52.83,52.83,52.83,,0.00,,1.000000000000000000000
PRO002579,670,20,260,29.06,40.95,35.41714925373132,2.5905920553852453,11.89,0.07314513194797341,0.846268656716417910447
PRO002580,17,10,14,39.58,46.37,42.34470588235293,2.2457713531409293,6.79,0.05303546940154447,0.705882352941176470588
PRO002581,3,3,3,30.33,36.48,33.13666666666666,3.1099249722997135,6.15,0.09385147285885868,1.000000000000000000000
PRO002583,9,7,9,58.72,71.07,64.35777777777777,4.263911871092698,12.35,0.06625324892067658,0.777777777777777777777
PRO002584,5,2,4,50.08,55.49,53.634,2.304567204487513,5.41,0.04296840072505338,0.800000000000000000000
PRO002586,4,3,4,38.01,40.26,39.435,0.9888208465978877,2.25,0.02507470132110784,1.000000000000000000000
PRO002587,13,6,11,24.06,27.83,26.39076923076923,1.4109125979217134,3.77,0.053462352142305804,1.000000000000000000000
PRO002589,50,13,39,6.64,8.62,7.4864,0.5351931179204427,1.98,0.07148871525973,0.820000000000000000000
PRO002590,6,4,5,9.83,11.86,10.65,0.8432318779553021,2.03,0.07917670215542742,1.000000000000000000000
PRO002591,3,2,3,38.04,39.75,38.98,0.8675828490700235,1.71,0.022257127990508555,1.000000000000000000000
PRO002592,6,3,4,53.54,62.10,59.718333333333334,3.500493774693246,8.56,0.058616735921853916,1.000000000000000000000
PRO002593,2,2,2,41.15,43.58,42.364999999999995,1.7182694782833763,2.43,0.040558703606358465,1.000000000000000000000
PRO002594,26,10,22,42.86,60.41,51.41884615384616,4.362387719516006,17.55,0.08484024916591203,0.807692307692307692307
PRO002595,11,6,11,37.17,46.44,41.799090909090914,2.9529085815360343,9.27,0.07064528240478561,1.000000000000000000000
PRO002596,6,5,5,52.99,64.19,58.85999999999999,4.660789632669697,11.20,0.07918432947111277,0.833333333333333333333
PRO002597,8,3,6,56.12,63.77,61.323750000000004,2.6823121023260277,7.65,0.04374018389818019,0.625000000000000000000
PRO002598,1,1,1,27.33,27.33,27.33,,0.00,,1.000000000000000000000
PRO002599,1,1,1,37.29,37.29,37.29,,0.00,,1.000000000000000000000
PRO002600,1,1,1,45.14,45.14,45.14,,0.00,,1.000000000000000000000
PRO002602,1,1,1,10.53,10.53,10.53,,0.00,,0E-21
PRO002603,3,2,2,55.67,62.14,57.826666666666675,3.735456241656783,6.47,0.06459746786355976,0.333333333333333333333
PRO002605,6,4,6,42.30,49.30,46.26499999999999,2.509978087553804,7.00,0.054252201179159285,0.666666666666666666666
PRO002606,2,2,2,56.32,66.20,61.260000000000005,6.986214998123038,9.88,0.11404203392300094,0.500000000000000000000
PRO002607,5,2,5,21.40,23.72,22.637999999999998,0.9135206620542294,2.32,0.040353417353751635,0.800000000000000000000
PRO002608,4,2,4,55.10,59.34,57.7525,1.9402297973869003,4.24,0.03359559841369465,1.000000000000000000000
PRO002609,15,8,14,36.94,43.20,40.21133333333333,2.2411982339385665,6.26,0.05573548669376544,0.800000000000000000000
PRO002610,5,4,5,32.58,35.54,34.315999999999995,1.205935321648783,2.96,0.035142071385032725,0.800000000000000000000
PRO002611,2,1,2,23.40,23.83,23.615,0.30405591591037817,0.43,0.012875541643462976,1.000000000000000000000
PRO002612,2,2,2,32.97,35.16,34.065,1.5485638507986164,2.19,0.04545908853070942,1.000000000000000000000
PRO002613,1,1,1,45.59,45.59,45.59,,0.00,,1.000000000000000000000
PRO002616,9,6,8,59.53,66.15,63.81444444444443,1.8787835899270693,6.62,0.02944135307113267,0.888888888888888888888
PRO002617,1,1,1,30.01,30.01,30.01,,0.00,,1.000000000000000000000
PRO002618,2,2,2,55.65,56.85,56.25,0.8485281374234712,1.20,0.015084944665306155,1.000000000000000000000
PRO002619,3,2,3,49.07,50.04,49.45666666666667,0.5140363151887889,0.97,0.010393670860459437,1.000000000000000000000
PRO002620,6,5,6,36.21,42.08,39.365,2.13922182113019,5.87,0.054343244535251876,0.833333333333333333333
PRO002621,23,12,21,20.04,26.31,22.635217391304348,1.6448068954500557,6.27,0.07266583161166953,0.826086956521739130434
PRO002622,5,2,5,28.45,34.26,31.642000000000003,2.439747937800081,5.81,0.07710473224828016,1.000000000000000000000
PRO002623,40,14,36,35.54,43.67,41.193750000000016,1.8821342052747951,8.13,0.04568980015839282,0.950000000000000000000
PRO002624,6,5,6,5.24,6.24,5.88,0.35014282800022367,1.00,0.05954810000003804,1.000000000000000000000
PRO002625,2,1,2,6.45,7.31,6.88,0.6081118318204408,0.86,0.08838834764831989,1.000000000000000000000
PRO002626,1,1,1,30.05,30.05,30.05,,0.00,,1.000000000000000000000
PRO002627,3,2,3,39.54,47.40,44.68333333333333,4.456616803510701,7.86,0.09973778747133237,1.000000000000000000000
PRO002628,22,13,19,44.34,59.09,53.35363636363636,4.516654414449682,14.75,0.0846550436350023,0.863636363636363636363
PRO002629,8,7,8,40.11,42.75,41.655,1.1013238786633612,2.64,0.026439176057216688,1.000000000000000000000
PRO002630,3,3,3,19.54,21.61,20.303333333333335,1.1369403385109333,2.07,0.0559977181995206,0.666666666666666666666
PRO002631,23,7,16,16.40,20.08,18.42086956521739,1.1182775433816345,3.68,0.06070709851250376,0.782608695652173913043
PRO002632,2,2,2,33.33,36.00,34.665,1.8879751057680425,2.67,0.054463438793250905,0E-21
PRO002633,2,2,2,47.50,53.64,50.57,4.341635636485397,6.14,0.08585397738749055,0.500000000000000000000
PRO002634,6,6,6,33.27,37.62,36.00666666666667,1.6700618751011411,4.35,0.04638201837903558,1.000000000000000000000
PRO002635,11,4,6,29.11,31.48,30.69636363636364,1.0340916083912228,2.37,0.033687756003978706,1.000000000000000000000
PRO002636,4,3,3,20.74,22.13,21.447499999999998,0.7883474276401049,1.39,0.03675707787108544,1.000000000000000000000
PRO002637,11,4,10,35.41,42.31,38.47090909090909,2.4352225957618394,6.90,0.06330036521900902,0.909090909090909090909
PRO002638,3,3,3,15.66,19.44,17.2,1.9848425630261202,3.78,0.11539782343175117,1.000000000000000000000
PRO002639,10,5,10,51.61,63.48,58.13100000000001,4.4107934534376625,11.87,0.07587678611132893,0.900000000000000000000
PRO002640,78,4,13,31.82,38.43,36.61884615384614,1.9085079374874578,6.61,0.05211818880008604,1.000000000000000000000
PRO002642,2,2,2,67.06,68.59,67.825,1.081873375216082,1.53,0.015950952822942604,1.000000000000000000000
PRO002643,27,12,23,27.96,34.16,31.460740740740746,1.7945985750534224,6.20,0.05704247683937935,0.777777777777777777777
PRO002644,46,13,38,50.49,67.36,59.73543478260869,4.5333714246054075,16.87,0.07589082495345373,0.826086956521739130434
PRO002646,1,1,1,216.23,216.23,216.23,,0.00,,1.000000000000000000000
PRO002647,10,5,10,112.83,135.84,124.09700000000001,8.530250810432682,23.01,0.06873857394161569,0.700000000000000000000
PRO002648,1,1,1,149.76,149.76,149.76,,0.00,,1.000000000000000000000
PRO002649,12,6,11,43.17,53.86,49.126666666666665,3.883513716710597,10.69,0.07905103236620838,0.916666666666666666666
PRO002650,3,2,3,37.00,43.52,41.153333333333336,3.60856388793839,6.52,0.0876858226455141,0.666666666666666666666
PRO002653,4,3,4,241.03,291.63,262.16999999999996,24.096767418058977,50.60,0.0919127566771903,0.750000000000000000000
PRO002654,5,4,5,217.21,261.80,243.282,18.76472674994178,44.59,0.07713158700578661,1.000000000000000000000
PRO002655,40,11,35,262.17,315.76,290.17775,14.502151297086584,53.59,0.04997678594270782,0.850000000000000000000
PRO002656,4,3,4,217.52,249.70,231.32999999999998,14.891753870291597,32.18,0.06437450339468118,1.000000000000000000000
PRO002657,4,4,4,129.13,142.52,136.33499999999998,5.889281223828495,13.39,0.043197133706153926,0.500000000000000000000
PRO002658,33,13,30,205.78,242.30,222.02545454545455,9.465944251271694,36.52,0.0426345000425785,0.818181818181818181818
PRO002659,56,13,46,152.96,180.35,168.40267857142857,6.952831337225335,27.39,0.04128694030407758,0.857142857142857142857
PRO002660,7,5,7,188.34,237.40,205.07999999999998,15.721475757701585,49.06,0.07666020946802021,0.857142857142857142857
PRO002661,11,7,11,110.63,128.93,117.9218181818182,6.066557208469504,18.30,0.051445587440958215,0.727272727272727272727
PRO002662,6,5,6,202.98,225.89,213.96,9.409476074681322,22.91,0.04397773450496038,0.833333333333333333333
PRO002664,4,4,4,257.20,280.79,270.65250000000003,10.123801575164642,23.59,0.03740516557269798,0.750000000000000000000
PRO002665,6,4,6,227.40,273.29,242.30500000000004,17.354649809200552,45.89,0.07162316010482883,0.666666666666666666666
PRO002666,2,2,2,200.47,214.00,207.235,9.567154749453524,13.53,0.04616572851812446,0.500000000000000000000
PRO002667,19,9,15,71.76,91.55,81.18473684210528,5.180925880810749,19.79,0.06381650150430417,0.894736842105263157894
PRO002668,1,1,1,250.74,250.74,250.74,,0.00,,1.000000000000000000000
PRO002669,1,1,1,104.24,104.24,104.24,,0.00,,1.000000000000000000000
PRO002671,8,6,8,22.09,25.05,24.177500000000002,1.0924252181008813,2.96,0.045183547434634735,0.875000000000000000000
PRO002672,19,8,17,174.34,217.83,195.90263157894736,15.12751056927046,43.49,0.07721953731476129,0.736842105263157894736
PRO002673,5,5,5,272.50,296.86,289.212,10.25541661757332,24.36,0.0354598585728577,0.600000000000000000000
PRO002675,6,3,6,274.36,321.39,288.25333333333333,18.209090769905842,47.03,0.06317044302432759,0.833333333333333333333
PRO002676,1,1,1,101.19,101.19,101.19,,0.00,,1.000000000000000000000
PRO002677,4,3,4,150.85,168.34,158.40750000000003,7.477741972012217,17.49,0.047205731875146165,1.000000000000000000000
PRO002678,1,1,1,128.74,128.74,128.74,,0.00,,1.000000000000000000000
PRO002679,19,9,17,36.88,49.44,44.12736842105264,3.2221022159543393,12.56,0.0730182272645362,0.842105263157894736842
PRO002680,17,7,15,237.05,295.28,271.3764705882353,18.156991746011098,58.23,0.06690702295100981,0.941176470588235294117
PRO002681,4,3,4,166.58,203.88,181.57999999999998,16.54463860791996,37.30,0.09111487282696311,1.000000000000000000000
PRO002682,8,6,8,259.50,317.15,292.26124999999996,17.79207884545487,57.65,0.06087731043870808,1.000000000000000000000
PRO002683,6,2,6,267.30,308.78,283.6616666666667,16.671996181221374,41.48,0.058774230501905576,0.833333333333333333333
PRO002685,17,8,17,189.00,242.84,220.8876470588236,18.389283744007788,53.84,0.08325175259398104,0.882352941176470588235
PRO002686,2,2,2,135.90,136.49,136.195,0.41719300091051326,0.59,0.003063203501674168,1.000000000000000000000
PRO002688,8,8,8,125.99,142.50,136.2475,5.143738912503547,16.51,0.03775290491571256,0.875000000000000000000
PRO002689,6,5,6,94.41,133.65,112.5,12.801431169990304,39.24,0.1137904992888027,0.833333333333333333333
PRO002690,4,3,4,242.44,305.18,278.65000000000003,26.644786857219152,62.74,0.09562098279999695,1.000000000000000000000
PRO002691,1,1,1,135.52,135.52,135.52,,0.00,,0E-21
PRO002692,6,4,6,251.31,294.02,278.9816666666666,17.09647614763586,42.71,0.06128171916064687,1.000000000000000000000
PRO002693,39,6,32,122.83,145.23,135.90538461538455,7.1119084144526665,22.40,0.05232985017171715,0.871794871794871794871
PRO002694,12,5,12,76.57,87.73,81.49166666666666,4.198741875054399,11.16,0.05152357347443787,0.833333333333333333333
PRO002695,1,1,1,32.71,32.71,32.71,,0.00,,1.000000000000000000000
PRO002696,15,7,14,107.02,137.74,119.25333333333333,7.820720341929267,30.72,0.06558072737530132,0.933333333333333333333
PRO002698,1,1,1,116.76,116.76,116.76,,0.00,,1.000000000000000000000
PRO002699,5,4,5,156.91,194.28,174.73999999999998,15.023010683614864,37.37,0.08597350740308381,1.000000000000000000000
PRO002700,2,1,2,181.19,196.20,188.695,10.613672785610602,15.01,0.056247769075018425,1.000000000000000000000
PRO002701,9,6,9,260.42,331.14,283.27,23.16791855130742,70.72,0.08178740618952739,0.888888888888888888888
PRO002702,8,4,6,125.25,152.66,142.52374999999998,10.723845175922168,27.41,0.07524251344721263,1.000000000000000000000
PRO002703,3,1,3,126.84,137.44,132.46333333333334,5.329505918313517,10.60,0.040233820063264175,0.666666666666666666666
PRO002704,135,19,95,165.01,239.98,191.13725925925928,16.81221754707622,74.97,0.08795887108683538,0.874074074074074074074
PRO002706,10,7,10,126.72,148.26,135.16799999999998,6.4685234447717415,21.54,0.04785543504950685,0.900000000000000000000
PRO002707,1,1,1,160.47,160.47,160.47,,0.00,,1.000000000000000000000
PRO002708,6,5,6,95.82,117.02,104.41166666666668,7.703714472036396,21.20,0.07378212337736584,1.000000000000000000000
PRO002710,8,5,8,233.13,275.16,249.45499999999998,15.03260076348396,42.03,0.06026177372064685,0.875000000000000000000
PRO002711,7,2,4,122.80,143.88,134.2571428571429,7.192870809084642,21.08,0.053575330563516155,0.285714285714285714285
PRO002712,40,10,31,226.74,295.57,257.44075,18.03580546885116,68.83,0.07005808314670914,0.850000000000000000000
PRO002713,3,1,3,133.59,148.03,142.13666666666666,7.576841910277573,14.44,0.053306737015625154,0.666666666666666666666
PRO002714,1,1,1,34.61,34.61,34.61,,0.00,,1.000000000000000000000
PRO002715,3,3,3,239.04,276.27,256.1533333333333,18.795830211335822,37.23,0.07337726184057397,1.000000000000000000000
PRO002716,1,1,1,220.10,220.10,220.1,,0.00,,1.000000000000000000000
PRO002717,6,4,6,88.10,102.39,94.34666666666668,5.472318216867916,14.29,0.058002242264710804,1.000000000000000000000
PRO002718,4,2,4,269.99,303.63,284.0925,14.976262050325367,33.64,0.05271614720672094,1.000000000000000000000
PRO002719,1,1,1,215.97,215.97,215.97,,0.00,,1.000000000000000000000
PRO002722,10,7,9,257.17,315.14,288.74,20.770425021061794,57.97,0.07193469911013989,0.700000000000000000000
PRO002723,2,1,2,199.09,221.78,210.435,16.044252865122544,22.69,0.0762432716284009,1.000000000000000000000
PRO002724,4,1,4,85.82,102.31,96.47999999999999,7.736868444877034,16.49,0.08019142252152814,1.000000000000000000000
PRO002725,3,1,3,196.55,214.11,206.74,9.11332540843393,17.56,0.04408109416868496,1.000000000000000000000
PRO002726,1,1,1,185.42,185.42,185.42,,0.00,,0E-21
PRO002728,12,5,10,199.69,270.69,236.51083333333335,23.687792582345647,71.00,0.10015521170212349,0.833333333333333333333
PRO002730,9,7,9,23.72,29.32,26.52111111111111,1.6269560876406954,5.60,0.06134569855782085,0.777777777777777777777
PRO002731,143,22,107,186.78,256.84,219.9044055944056,14.21231848261498,70.06,0.06462953047347472,0.853146853146853146853
PRO002732,5,4,5,81.15,101.04,90.25800000000001,7.994067800562966,19.89,0.08856907753953074,0.800000000000000000000
PRO002733,7,2,7,221.84,257.47,239.68428571428572,12.910800203890068,35.63,0.0538658601059909,0.857142857142857142857
PRO002734,5,3,5,286.01,318.75,299.566,13.058731944564958,32.74,0.04359216982089075,1.000000000000000000000
PRO002735,1,1,1,110.88,110.88,110.88,,0.00,,1.000000000000000000000
PRO002736,17,9,16,130.15,159.01,143.49588235294118,8.178420583174798,28.86,0.056994113343679285,0.705882352941176470588
PRO002737,4,3,4,158.37,199.69,183.67499999999998,17.737862516850154,41.32,0.0965720022694986,0.750000000000000000000
PRO002738,25,9,17,201.24,254.08,231.83679999999995,16.967956496486774,52.84,0.07318922835583815,0.920000000000000000000
PRO002739,6,2,5,173.11,198.06,185.97,10.068410003571065,24.95,0.05413996883137638,0.666666666666666666666
PRO002740,3,3,3,174.96,200.30,184.51333333333335,13.77206351035753,25.34,0.07463993664608264,0.666666666666666666666
PRO002742,5,4,4,38.69,40.34,39.798,0.6914260625693222,1.65,0.017373387169438717,0.800000000000000000000
PRO002743,19,9,17,86.32,111.39,98.12842105263157,7.543253249801948,25.07,0.07687123841273359,1.000000000000000000000
PRO002744,1,1,1,116.36,116.36,116.36,,0.00,,1.000000000000000000000
PRO002745,2,2,2,75.62,91.18,83.4,11.002581515262692,15.56,0.131925437832886,1.000000000000000000000
PRO002746,22,12,19,225.53,276.55,250.8795454545455,14.370580555349967,51.02,0.05728079795948784,0.909090909090909090909
PRO002747,1,1,1,211.13,211.13,211.13,,0.00,,0E-21
PRO002748,4,3,4,183.31,205.66,193.5075,11.010541539815597,22.35,0.05689981804227535,1.000000000000000000000
PRO002750,7,5,7,147.26,192.94,170.1614285714286,16.95863440706145,45.68,0.09966203592339219,0.857142857142857142857
PRO002751,2,1,2,361.14,362.90,362.02,1.2445079348841328,1.76,0.0034376772965143717,1.000000000000000000000
PRO002752,4,4,4,13.94,15.40,14.684999999999999,0.6302644947427714,1.46,0.042918930523852324,1.000000000000000000000
PRO002754,2,2,2,217.59,225.82,221.70499999999998,5.819488809166653,8.23,0.02624879370860672,1.000000000000000000000
PRO002755,1,1,1,303.59,303.59,303.59,,0.00,,1.000000000000000000000
PRO002756,1,1,1,99.60,99.60,99.6,,0.00,,1.000000000000000000000
PRO002757,1,1,1,222.71,222.71,222.71,,0.00,,1.000000000000000000000
PRO002758,26,12,25,49.27,70.34,58.31961538461539,6.131799397090004,21.07,0.10514128662630999,0.961538461538461538461
PRO002759,12,5,11,200.40,232.60,218.19083333333333,11.464529057713015,32.20,0.05254358710935618,0.750000000000000000000
PRO002760,9,3,7,233.96,276.40,254.18444444444447,15.298649540980898,42.44,0.06018719821513165,0.888888888888888888888
PRO002761,9,7,9,94.00,120.66,113.60222222222222,7.6770921867882596,26.66,0.06757871489318903,0.777777777777777777777
PRO002762,15,6,12,115.32,140.76,127.33466666666665,7.98287261818061,25.44,0.06269206043534056,1.000000000000000000000
PRO002763,1,1,1,154.35,154.35,154.35,,0.00,,1.000000000000000000000
PRO002764,3,2,3,103.23,122.24,113.18666666666667,9.53713968301462,19.01,0.08426027520627831,1.000000000000000000000
PRO002765,4,3,4,56.76,72.59,65.82000000000001,6.67182633666871,15.83,0.10136472708399741,1.000000000000000000000
PRO002766,1,1,1,224.46,224.46,224.46,,0.00,,0E-21
PRO002767,1,1,1,123.01,123.01,123.01,,0.00,,1.000000000000000000000
PRO002768,4,2,4,144.28,167.19,153.9775,9.570616054709882,22.91,0.06215593872292954,1.000000000000000000000
PRO002769,13,8,12,143.02,173.83,157.18692307692308,10.521587637341266,30.81,0.06693678730636062,0.692307692307692307692
PRO002770,2,1,2,198.85,218.97,208.91,14.226988437473388,20.12,0.06810104081888559,0.500000000000000000000
PRO002771,1,1,1,99.54,99.54,99.54,,0.00,,1.000000000000000000000
PRO002772,6,3,6,204.18,268.79,243.04,22.48198122942017,64.61,0.09250321440676502,0.833333333333333333333
PRO002774,7,5,7,46.41,57.82,52.59000000000001,3.933946279924517,11.41,0.0748040745374504,0.571428571428571428571
PRO002775,1,1,1,47.29,47.29,47.29,,0.00,,0E-21
PRO002776,1,1,1,286.90,286.90,286.9,,0.00,,1.000000000000000000000
PRO002777,2,1,2,144.61,159.36,151.985,10.429825022501577,14.75,0.06862404199428612,0.500000000000000000000
PRO002778,5,4,5,127.74,135.63,131.392,2.908499613202115,7.89,0.022136047957273766,1.000000000000000000000
PRO002779,13,6,13,231.92,278.38,255.37076923076924,14.180295284618317,46.46,0.055528263188979556,0.923076923076923076923
PRO002780,3,2,3,219.75,233.52,224.9433333333333,7.482541903213548,13.77,0.033264119422136904,1.000000000000000000000
PRO002784,8,3,7,81.02,87.14,84.39125,2.247858901901334,6.12,0.02663616076194314,0.750000000000000000000
PRO002785,16,6,14,184.01,238.33,202.09624999999997,13.11122006781511,54.32,0.06487611753219127,0.937500000000000000000
PRO002786,1,1,1,202.60,202.60,202.6,,0.00,,1.000000000000000000000
PRO002787,76,15,64,65.05,91.37,77.93473684210525,6.303034501716607,26.32,0.08087580400106402,0.828947368421052631578
PRO002788,1,1,1,257.27,257.27,257.27,,0.00,,1.000000000000000000000
PRO002789,2,1,2,219.39,239.95,229.67,14.538115421195215,20.56,0.06330001925020776,1.000000000000000000000
PRO002790,4,2,4,218.95,245.74,230.5975,11.241993817824678,26.79,0.04875158584904293,0.750000000000000000000
PRO002791,8,5,8,231.03,301.86,265.565,26.82712113834493,70.83,0.10101903917438265,0.875000000000000000000
PRO002792,10,6,9,14.75,16.47,15.793000000000001,0.6056777654459123,1.72,0.03835102674893385,0.900000000000000000000
PRO002793,7,4,7,213.41,267.53,240.64142857142858,19.325911301127476,54.12,0.0803099924059462,0.857142857142857142857
PRO002794,2,2,2,293.07,307.86,300.46500000000003,10.458109293746514,14.79,0.03480641437021454,1.000000000000000000000
PRO002795,12,6,10,156.83,181.64,168.39416666666668,8.999825713800803,24.81,0.05344499689003955,0.666666666666666666666
PRO002797,1,1,1,175.44,175.44,175.44,,0.00,,1.000000000000000000000
PRO002798,6,5,6,24.24,28.97,27.235,1.8455432804461944,4.73,0.06776366001271138,0.833333333333333333333
PRO002800,3,2,3,38.03,47.72,42.38666666666666,4.918275443011854,9.69,0.1160335508731957,1.000000000000000000000
PRO002801,5,5,5,196.99,236.55,212.946,16.716462843556428,39.56,0.07850094786263385,1.000000000000000000000
PRO002803,14,6,13,219.53,273.38,246.98357142857142,17.698819433528865,53.85,0.07165990568181345,0.785714285714285714285
PRO002804,2,2,2,51.46,53.16,52.31,1.2020815280166315,1.70,0.02297995656694,1.000000000000000000000
PRO002805,2,2,2,196.56,199.33,197.945,1.9586857838873786,2.77,0.00989510108306539,1.000000000000000000000
PRO002806,35,12,30,194.21,255.35,221.45228571428575,15.83050333370019,61.14,0.0714849398941154,0.828571428571428571428
PRO002807,8,6,8,231.59,255.86,240.76375000000002,7.113204898536079,24.27,0.029544335052665023,1.000000000000000000000
PRO002808,9,5,9,124.01,158.78,138.86444444444447,12.078201553947123,34.77,0.08697835937967009,0.777777777777777777777
PRO002809,1,1,1,148.75,148.75,148.75,,0.00,,1.000000000000000000000
PRO002810,3,2,3,126.78,136.46,130.59,5.1583233710196135,9.68,0.03950014067707798,1.000000000000000000000
PRO002811,15,6,12,265.82,336.97,288.35400000000004,23.685309732888303,71.15,0.08213969541913169,0.866666666666666666666
PRO002812,6,3,6,133.84,179.20,158.07500000000002,18.167494874087495,45.36,0.11492958958777474,1.000000000000000000000
PRO002813,199,15,153,244.19,335.92,291.2312562814069,21.295932933896232,91.73,0.07312378899783577,0.824120603015075376884
PRO002814,2,2,2,162.55,185.38,173.965,16.143247814488845,22.83,0.09279595214260825,1.000000000000000000000
PRO002815,7,5,6,189.33,218.28,198.06285714285715,11.646574194851691,28.95,0.0588024143590504,0.428571428571428571428
PRO002816,8,6,8,224.48,264.35,246.8775,12.10285651052215,39.87,0.049023732460520504,0.875000000000000000000
PRO002817,12,7,12,264.93,346.53,296.36583333333334,23.248601701190445,81.60,0.07844562053494845,0.916666666666666666666
PRO002818,32,3,24,124.03,156.24,139.99749999999997,8.934702190102021,32.21,0.06382044100860389,0.843750000000000000000
PRO002819,11,5,11,191.56,231.61,203.15363636363637,12.77118183468341,40.05,0.0628646479742235,0.909090909090909090909
PRO002820,15,6,13,95.20,116.81,104.40333333333335,6.620391299038156,21.61,0.06341168512216872,0.933333333333333333333
PRO002821,6,5,5,87.91,102.83,94.88499999999999,5.918248896422088,14.92,0.062372860793825036,1.000000000000000000000
PRO002822,1,1,1,158.90,158.90,158.9,,0.00,,1.000000000000000000000
PRO002823,54,16,42,88.91,110.21,101.43296296296296,5.747052281224784,21.30,0.05665862569077521,0.888888888888888888888
PRO002824,16,9,13,86.90,99.74,93.700625,4.605672544084348,12.84,0.0491530610824031,1.000000000000000000000
PRO002825,6,5,6,148.55,182.89,165.68166666666664,13.779277799169085,34.34,0.08316718485752247,1.000000000000000000000
PRO002826,4,3,3,138.33,148.29,142.49,4.986702317162933,9.96,0.03499685814557466,1.000000000000000000000
PRO002827,25,11,24,87.09,98.32,92.4252,3.566410567129581,11.23,0.03858699323484916,0.800000000000000000000
PRO002828,72,17,55,145.75,192.95,167.47749999999996,12.760527357860733,47.20,0.07619248769453052,0.722222222222222222222
PRO002829,182,12,96,60.64,77.91,70.53763736263733,4.162606416316874,17.27,0.05901255800384577,0.846153846153846153846
PRO002830,2,2,2,119.41,120.53,119.97,0.7919595949282975,1.12,0.006601313619474014,1.000000000000000000000
PRO002831,5,3,5,69.64,85.08,76.49199999999999,5.826891967421447,15.44,0.076176488618698,0.800000000000000000000
PRO002832,100,10,87,116.18,157.90,137.79699999999997,9.465331585328116,41.72,0.06869040389361247,0.870000000000000000000
PRO002834,26,10,25,90.27,116.22,100.31961538461536,7.07810227717575,25.95,0.07055551648637223,0.923076923076923076923
PRO002835,3,3,3,91.77,94.89,92.83,1.7842645543748488,3.12,0.019220775119841094,1.000000000000000000000
PRO002836,15,4,14,155.95,191.11,174.89466666666664,10.008728952175108,35.16,0.05722718218303842,0.800000000000000000000
PRO002837,12,10,11,104.31,129.79,115.05416666666666,8.363519766150521,25.48,0.07269201984123873,0.916666666666666666666
PRO002838,1,1,1,38.07,38.07,38.07,,0.00,,1.000000000000000000000
PRO002839,10,5,10,108.21,134.74,118.899,8.39207489904083,26.53,0.07058154315041194,0.800000000000000000000
PRO002840,8,4,8,191.89,219.91,206.61625,9.285020097678082,28.02,0.04493847941620314,1.000000000000000000000
PRO002842,7,5,6,111.43,134.06,122.36142857142859,7.971234593987154,22.63,0.06514499452197829,0.714285714285714285714
PRO002843,7,4,7,68.98,77.90,73.99714285714286,3.1339842282398878,8.92,0.04235277346167654,0.857142857142857142857
PRO002844,17,7,17,129.43,166.91,145.7888235294118,10.222700158441764,37.48,0.07011991667783377,0.941176470588235294117
PRO002845,4,4,4,167.24,197.74,183.88750000000002,15.463538566576238,30.50,0.08409238565196785,0.500000000000000000000
PRO002846,13,5,13,65.99,79.10,68.3253846153846,3.6616289985573562,13.11,0.05359104846857868,1.000000000000000000000
PRO002847,2,2,2,22.66,26.78,24.72,2.913279938488581,4.12,0.11785113019775813,1.000000000000000000000
PRO002849,2,2,2,142.68,146.68,144.68,2.8284271247461903,4.00,0.01954953777126203,0.500000000000000000000
PRO002850,18,3,15,130.34,156.29,141.77388888888888,7.881947459330078,25.95,0.05559519824914532,0.722222222222222222222
PRO002851,77,11,59,131.14,165.63,145.2190909090909,10.461722860758528,34.49,0.0720409609732904,0.870129870129870129870
PRO002852,3,2,3,189.08,206.69,197.98333333333335,8.806647110752394,17.61,0.04448175996676013,0.666666666666666666666
PRO002854,4,3,4,51.62,61.25,57.14,4.400022727214005,9.63,0.07700424793864202,1.000000000000000000000
PRO002855,4,4,4,107.84,126.36,116.155,7.739252763241136,18.52,0.06662866655108378,0.500000000000000000000
PRO002856,70,15,56,79.38,112.99,94.76099999999998,9.001245509630484,33.61,0.09498892487025766,0.900000000000000000000
PRO002857,14,10,14,122.25,177.01,147.36142857142858,15.52539946576008,54.76,0.10535592397731579,0.857142857142857142857
PRO002859,7,4,7,156.99,188.87,164.54142857142855,11.056897437906438,31.88,0.06719825841980315,1.000000000000000000000
PRO002860,59,7,52,111.62,140.06,129.23593220338984,6.526967431923181,28.44,0.050504277878780056,0.830508474576271186440
PRO002861,5,5,5,171.69,218.71,195.85999999999999,17.777682638634374,47.02,0.09076729622503,0.800000000000000000000
PRO002862,5,5,5,222.80,243.33,231.92200000000003,7.889956907359251,20.53,0.03401987266132256,1.000000000000000000000
PRO002863,47,15,44,100.48,123.80,113.49085106382978,6.141090694014611,23.32,0.054110887674643705,0.914893617021276595744
PRO002864,9,6,8,122.18,132.82,126.97777777777777,4.789028549136588,10.64,0.037715485598730565,1.000000000000000000000
PRO002865,3,3,3,87.76,107.49,94.39,11.34521485032349,19.73,0.12019509323364223,0.666666666666666666666
PRO002866,15,6,15,109.78,135.76,121.722,9.761855210094968,25.98,0.08019795279485194,0.866666666666666666666
PRO002867,1,1,1,100.38,100.38,100.38,,0.00,,1.000000000000000000000
PRO002868,6,4,6,174.95,207.21,188.79166666666666,10.799802621653424,32.26,0.05720486932678927,0.833333333333333333333
PRO002869,15,9,13,87.07,95.56,91.66133333333332,2.7514070859075357,8.49,0.030017096477331803,0.933333333333333333333
PRO002870,8,5,8,132.04,173.63,151.7,17.59947077126404,41.59,0.11601496882837206,0.750000000000000000000
PRO002871,4,3,4,46.34,50.47,47.67,1.8924234903071047,4.13,0.039698415991338463,1.000000000000000000000
PRO002872,10,8,10,46.86,51.82,49.777,1.642748712777722,4.96,0.03300216390657778,0.500000000000000000000
PRO002873,7,4,7,205.05,241.66,219.83142857142857,12.943612876076298,36.61,0.05887971961147768,0.714285714285714285714
PRO002874,17,10,16,110.55,144.73,126.85411764705883,10.538193665675967,34.18,0.08307332754460493,0.882352941176470588235
PRO002875,22,9,19,82.86,100.93,90.51181818181819,5.912822737683723,18.07,0.0653265270376756,0.863636363636363636363
PRO002876,3,3,3,94.61,102.59,99.24666666666667,4.144228919031137,7.98,0.04175685751693898,0.666666666666666666666
PRO002877,25,12,21,159.28,197.86,175.91800000000003,11.421724913514424,38.58,0.06492641408789562,0.840000000000000000000
PRO002878,4,3,4,132.51,144.38,137.97,5.633974322506605,11.87,0.0408347780133841,0.750000000000000000000
PRO002879,26,11,24,127.42,172.85,149.50538461538463,11.679703499924583,45.43,0.07812229325366185,0.846153846153846153846
PRO002880,5,2,5,112.89,139.80,124.734,9.874000202552452,26.91,0.07916045506880603,0.800000000000000000000
PRO002882,1,1,1,16.28,16.28,16.28,,0.00,,1.000000000000000000000
PRO002883,4,2,4,98.65,108.09,102.945,4.516049158280319,9.44,0.04386856241954752,0.750000000000000000000
PRO002884,3,1,3,156.72,163.26,159.60333333333332,3.3378785677938874,6.54,0.02091358932223985,0.666666666666666666666
PRO002885,35,15,34,24.15,31.40,28.57628571428571,1.918574970118853,7.25,0.06713871037339639,0.885714285714285714285
PRO002886,5,3,4,81.85,90.91,85.746,4.474134553184902,9.06,0.052178930249631494,1.000000000000000000000
PRO002887,3,2,3,93.16,118.03,101.67999999999999,14.163717732290541,24.87,0.13929698792575276,1.000000000000000000000
PRO002889,7,4,6,158.46,195.62,170.29,11.767778040055184,37.16,0.06910433989109863,0.714285714285714285714
PRO002890,15,9,14,135.50,172.15,153.82266666666666,10.22898086437771,36.65,0.06649852772702144,0.533333333333333333333
PRO002891,12,4,9,143.23,178.99,154.30249999999998,10.360887225084205,35.76,0.06714659338043263,0.750000000000000000000
PRO002892,18,9,16,68.64,77.24,73.27555555555556,2.640096304442586,8.60,0.03602970027898234,0.888888888888888888888
PRO002893,10,7,10,30.75,39.13,36.821000000000005,2.724316224098937,8.38,0.07398811070038665,1.000000000000000000000
PRO002894,2,2,2,95.54,109.93,102.73500000000001,10.175266581274181,14.39,0.0990438174066694,1.000000000000000000000
PRO002895,7,6,7,112.87,132.81,125.80285714285712,6.592730123112561,19.94,0.0524052495534827,1.000000000000000000000
PRO002896,17,9,11,134.33,163.82,144.49294117647054,8.842635894281633,29.49,0.061197701578252474,0.764705882352941176470
PRO002897,3,2,3,99.31,101.98,101.06,1.516212386178063,2.67,0.01500309109616132,1.000000000000000000000
PRO002898,2,2,2,140.21,148.58,144.395,5.918483758531846,8.37,0.04098814888695485,1.000000000000000000000
PRO002899,9,2,8,165.07,193.13,185.06,9.520030199531934,28.06,0.05144293850390108,1.000000000000000000000
PRO002900,6,3,4,148.10,175.31,163.745,13.069888675884066,27.21,0.07981855125887242,1.000000000000000000000
PRO002901,20,9,20,112.82,130.51,122.39649999999999,5.334942682078109,17.69,0.04358737939465679,0.900000000000000000000
PRO002902,4,3,4,107.82,119.02,112.27999999999999,4.999573315127685,11.20,0.0445277281361568,1.000000000000000000000
PRO002903,7,4,7,87.60,103.24,94.95857142857142,6.658201530372213,15.64,0.07011690919740261,1.000000000000000000000
PRO002904,5,3,5,69.25,84.60,75.31,5.823834647377964,15.35,0.07733149179893725,1.000000000000000000000
PRO002905,29,9,24,117.26,144.36,131.22103448275863,7.185707711853647,27.10,0.054760334272458355,0.896551724137931034482
PRO002906,3,1,3,108.92,113.49,111.48666666666666,2.336500231828546,4.57,0.02095766517815475,0.666666666666666666666
PRO002907,133,19,97,95.66,131.48,115.98315789473683,7.146519323209497,35.82,0.061616871388305225,0.924812030075187969924
PRO002908,16,7,16,95.63,125.82,109.543125,9.149755347366717,30.19,0.08352651384892221,0.812500000000000000000
PRO002909,3,3,3,208.37,249.48,233.27666666666667,21.893355917568204,41.11,0.09385146071575184,1.000000000000000000000
PRO002910,4,2,3,115.54,144.08,134.3675,13.459780520746571,28.54,0.10017139948831802,1.000000000000000000000
PRO002911,8,7,8,82.29,98.90,90.42250000000001,5.528866455767505,16.61,0.061144808601481984,1.000000000000000000000
PRO002912,7,6,7,101.26,117.12,109.29714285714284,7.124092256294355,15.86,0.06518095597069651,1.000000000000000000000
PRO002913,181,18,123,83.50,111.35,95.5441988950276,6.20665512388837,27.85,0.06496108812118977,0.817679558011049723756
PRO002914,1,1,1,68.29,68.29,68.29,,0.00,,1.000000000000000000000
PRO002915,13,5,13,150.98,188.17,161.54,12.871104588702876,37.19,0.07967750766808764,1.000000000000000000000
PRO002917,3,3,3,45.92,49.28,47.54666666666666,1.6825377657971403,3.36,0.03538708144553717,1.000000000000000000000
PRO002918,40,15,36,142.68,174.37,157.18599999999998,8.926082725390604,31.69,0.05678675407091347,0.675000000000000000000
PRO002919,3,2,2,150.08,172.41,164.96666666666667,12.892231511004574,22.33,0.07815052441506107,1.000000000000000000000
PRO002920,2,2,2,79.39,90.49,84.94,7.84888527117065,11.10,0.09240505381646633,1.000000000000000000000
PRO002921,24,8,20,143.38,179.03,157.9941666666667,11.069794356782118,35.65,0.07006457637222123,0.833333333333333333333
PRO002922,3,2,2,23.92,24.24,24.026666666666667,0.18475208614097774,0.32,0.0076894597450462435,1.000000000000000000000
PRO002923,35,12,28,15.74,20.09,19.06714285714286,1.078213586361715,4.35,0.05654825132638049,0.914285714285714285714
PRO002924,5,2,4,39.51,42.41,40.64,1.530620789091765,2.90,0.03766291311741547,1.000000000000000000000
PRO002925,8,6,8,137.87,173.21,156.47500000000002,10.219403113684884,35.34,0.06531013333558001,0.625000000000000000000
PRO002926,7,2,6,106.59,119.49,112.41,5.05530414515305,12.90,0.044972014457370785,0.714285714285714285714
PRO002927,3,3,3,184.03,223.84,200.17333333333332,20.944198082842103,39.81,0.10463031081150721,1.000000000000000000000
PRO002928,3,3,3,50.08,54.03,52.339999999999996,2.03575538805622,3.95,0.03889482972977112,1.000000000000000000000
PRO002929,13,5,13,36.98,46.20,42.02538461538462,3.381455838798379,9.22,0.08046222229125058,0.769230769230769230769
PRO002930,11,7,11,14.57,19.04,16.656363636363636,1.466139643603389,4.47,0.08802279270623993,1.000000000000000000000
PRO002931,1,1,1,66.04,66.04,66.04,,0.00,,1.000000000000000000000
PRO002932,6,2,5,92.71,107.12,102.42500000000001,5.483818924800343,14.41,0.05353984793556595,0.833333333333333333333
PRO002933,1,1,1,136.50,136.50,136.5,,0.00,,1.000000000000000000000
PRO002936,5,4,5,110.38,134.88,120.326,12.746816465298256,24.50,0.10593567861724196,0.800000000000000000000
PRO002937,5,2,5,96.30,116.21,108.52000000000001,9.021454982429205,19.91,0.08313172670870995,1.000000000000000000000
PRO002938,11,8,11,40.92,53.00,45.268181818181816,4.181463423687534,12.08,0.09237091607704162,0.909090909090909090909
PRO002939,7,4,7,78.90,95.96,87.44142857142856,5.448264031082161,17.06,0.06230758257376388,1.000000000000000000000
PRO002940,46,14,38,43.35,58.63,49.620434782608704,4.0620186314586135,15.28,0.08186181054750243,0.869565217391304347826
PRO002941,30,15,29,114.52,146.68,130.998,8.648220227506425,32.16,0.06601795620930415,0.800000000000000000000
PRO002942,40,11,37,78.15,102.14,89.76474999999999,7.229916830212857,23.99,0.08054293951927519,0.850000000000000000000
PRO002943,2,1,1,150.94,150.94,150.94,0.0,0.00,0.0,1.000000000000000000000
PRO002944,10,6,9,123.71,153.12,137.209,9.644448547106379,29.41,0.070290203609868,0.700000000000000000000
PRO002945,16,11,16,100.44,111.52,107.67875000000002,3.0609581833135495,11.08,0.02842676185703817,0.937500000000000000000
PRO002946,5,4,5,151.95,166.84,160.748,6.077776731667597,14.89,0.037809345880929136,1.000000000000000000000
PRO002947,5,4,5,10.65,12.08,11.469999999999999,0.5587486017880017,1.43,0.04871391471560608,1.000000000000000000000
PRO002948,39,13,36,57.10,70.00,64.22076923076924,3.1612625597471573,12.90,0.049224925170042094,0.923076923076923076923
PRO002949,1,1,1,39.64,39.64,39.64,,0.00,,1.000000000000000000000
PRO002950,3,2,3,69.38,75.61,73.09666666666668,3.2846968403996035,6.23,0.044936342383140176,1.000000000000000000000
PRO002951,3,3,3,150.62,178.47,163.75333333333333,13.9923490998951,27.85,0.08544772075822436,1.000000000000000000000
PRO002952,12,8,12,133.86,169.55,149.83416666666668,11.246692813553159,35.69,0.07506093612529291,0.916666666666666666666
PRO002953,32,7,24,116.58,143.08,127.66343749999997,8.250696787535261,26.50,0.06462850248361253,0.937500000000000000000
PRO002954,7,4,6,174.12,196.14,181.09285714285713,7.879405041596403,22.02,0.043510302757996944,1.000000000000000000000
PRO002955,2,2,2,82.07,82.37,82.22,0.21213203435613576,0.30,0.0025800539328160515,1.000000000000000000000
PRO002956,5,5,5,55.80,67.87,61.652,4.777543301739924,12.07,0.07749210571822364,1.000000000000000000000
PRO002957,39,15,39,131.62,163.09,151.79948717948716,7.4518711704258385,31.47,0.04909022625099368,0.846153846153846153846
PRO002958,16,6,14,186.52,225.64,207.749375,13.758213289401539,39.12,0.0662250526115977,0.812500000000000000000
PRO002959,6,3,6,71.22,81.64,76.24333333333334,4.039404246502889,10.42,0.05298042556511462,1.000000000000000000000
PRO002961,3,3,3,97.32,101.11,98.72333333333334,2.0775546523090997,3.79,0.021044210949546876,1.000000000000000000000
PRO002962,73,19,63,69.61,98.18,87.4160273972603,7.370930843471315,28.57,0.08432013056340659,0.876712328767123287671
PRO002963,15,11,14,190.99,239.23,218.456,15.997243869760355,48.24,0.07322867703226442,0.933333333333333333333
PRO002964,76,4,68,104.58,128.48,116.00368421052633,8.098342849760934,23.90,0.06981108319856344,0.907894736842105263157
PRO002965,7,3,7,73.28,95.74,83.93571428571428,8.80894404784686,22.46,0.1049486994041835,0.857142857142857142857
PRO002966,3,3,3,50.92,53.24,52.14000000000001,1.164645868922915,2.32,0.022336898138145666,1.000000000000000000000
PRO002967,9,4,9,49.83,57.21,53.50222222222222,2.0845729645288595,7.38,0.03896236227105777,0.777777777777777777777
PRO002968,2,2,2,117.26,132.93,125.095,11.0803632611934,15.67,0.08857558864217914,1.000000000000000000000
PRO002969,50,14,43,29.27,36.71,34.31199999999999,1.9737656954180265,7.44,0.05752406433370328,0.840000000000000000000
PRO002970,18,10,17,131.79,151.87,145.55166666666665,5.760308662072824,20.08,0.039575697029046904,0.944444444444444444444
PRO002971,9,6,9,54.89,69.31,62.38444444444443,4.7690410752874905,14.42,0.07644599735971827,1.000000000000000000000
PRO002972,6,5,6,59.56,72.81,67.50000000000001,4.575508714886015,13.25,0.06778531429460762,1.000000000000000000000
PRO002973,7,4,7,21.64,25.41,23.13,1.2871803810396196,3.77,0.055649821921297866,0.857142857142857142857
PRO002974,8,5,8,145.48,187.73,161.81875000000002,16.65516688384026,42.25,0.1029248272146476,1.000000000000000000000
PRO002975,12,6,11,95.70,123.09,111.58416666666666,8.586502577601122,27.39,0.07695090472155806,0.916666666666666666666
PRO002976,2,2,2,65.21,68.22,66.715,2.128391411371365,3.01,0.031902741682850407,0.500000000000000000000
PRO002977,1,1,1,39.31,39.31,39.31,,0.00,,0E-21
PRO002978,15,5,14,180.68,205.48,192.4453333333333,9.764480724008875,24.80,0.05073898418256722,0.866666666666666666666
PRO002979,8,7,7,141.71,160.57,150.78000000000003,5.679328431122915,18.86,0.037666324652625774,1.000000000000000000000
PRO002980,2,2,2,23.07,24.55,23.810000000000002,1.0465180361559707,1.48,0.043952878460981545,1.000000000000000000000
PRO002982,48,20,45,88.52,112.41,101.08812500000003,5.193554784844894,23.89,0.05137650722916161,0.770833333333333333333
PRO002983,17,9,15,41.01,50.84,46.71823529411765,2.9125917051959496,9.83,0.062343786893052394,0.941176470588235294117
PRO002984,18,9,17,140.59,189.82,169.2216666666667,14.724044061649696,49.23,0.0870103950143285,0.777777777777777777777
PRO002985,3,2,3,61.35,73.60,66.83999999999999,6.222965530998871,12.25,0.09310241668161089,0.666666666666666666666
PRO002986,6,4,6,86.34,99.76,94.41833333333334,5.073217585188658,13.42,0.053731276607883266,0.833333333333333333333
PRO002987,3,2,3,135.90,136.67,136.1966666666667,0.4142865352964275,0.77,0.0030418258055490404,1.000000000000000000000
PRO002988,15,8,13,131.07,158.98,148.28733333333332,8.678743709832442,27.91,0.058526534362335576,0.866666666666666666666
PRO002989,31,14,30,33.16,41.19,36.79612903225807,2.635911831377331,8.03,0.07163557419495148,0.903225806451612903225
PRO002990,2,1,2,112.48,112.83,112.655,0.2474873734129397,0.35,0.002196860977434998,1.000000000000000000000
PRO002991,9,5,8,61.99,77.38,71.83666666666666,5.349432212861489,15.39,0.07446659848074089,0.666666666666666666666
PRO002992,2,2,2,153.06,169.97,161.515,11.9571756698647,16.91,0.074031363463856,1.000000000000000000000
PRO002993,2,2,2,45.04,46.36,45.7,0.9333809511660229,1.32,0.02042409083514273,1.000000000000000000000
PRO002994,5,2,5,154.68,183.08,169.942,13.449662449295635,28.40,0.07914266308090781,1.000000000000000000000
PRO002995,8,7,8,91.99,112.14,102.24875,7.915632701902537,20.15,0.07741544715121249,1.000000000000000000000
PRO002996,13,7,13,77.75,96.81,87.03153846153847,6.5958482473873365,19.06,0.07578687409165144,0.923076923076923076923
PRO002997,5,4,5,103.68,134.32,117.556,11.73812293341675,30.64,0.09985132986335662,0.600000000000000000000
PRO002998,81,17,55,209.53,258.37,234.22222222222226,9.550471846981061,48.84,0.040775259308742665,0.839506172839506172839
PRO002999,15,7,14,72.05,89.57,80.27466666666669,5.643000552728227,17.52,0.07029615677085621,1.000000000000000000000
